"TP","ANO","IDADE","CUSTO_UN","ID","budget"
"PADRON",2025,14,1004287.67,1384,2.05e+09
"PADRON",2025,14,1004287.67,1385,2.05e+09
"PADRON",2025,14,1004287.67,1386,2.05e+09
"PADRON",2025,14,1004287.67,1387,2.05e+09
"PADRON",2025,14,1004287.67,1388,2.05e+09
"PADRON",2025,14,1004287.67,1389,2.05e+09
"PADRON",2025,14,1004287.67,1390,2.05e+09
"PADRON",2025,14,1004287.67,1391,2.05e+09
"PADRON",2025,14,1004287.67,1392,2.05e+09
"PADRON",2025,14,1004287.67,1393,2.05e+09
"PADRON",2025,14,1004287.67,1394,2.05e+09
"PADRON",2025,14,1004287.67,1395,2.05e+09
"PADRON",2025,14,1004287.67,1396,2.05e+09
"PADRON",2025,14,1004287.67,1397,2.05e+09
"PADRON",2025,14,1004287.67,1398,2.05e+09
"PADRON",2025,14,1004287.67,1399,2.05e+09
"PADRON",2025,14,1004287.67,1400,2.05e+09
"PADRON",2025,14,1004287.67,1401,2.05e+09
"PADRON",2025,14,1004287.67,1402,2.05e+09
"PADRON",2025,14,1004287.67,1403,2.05e+09
"PADRON",2025,14,1004287.67,1404,2.05e+09
"PADRON",2025,14,1004287.67,1405,2.05e+09
"PADRON",2025,14,1004287.67,1406,2.05e+09
"PADRON",2025,14,1004287.67,1407,2.05e+09
"PADRON",2025,14,1004287.67,1408,2.05e+09
"PADRON",2025,14,1004287.67,1409,2.05e+09
"PADRON",2025,14,1004287.67,1410,2.05e+09
"PADRON",2025,14,1004287.67,1411,2.05e+09
"PADRON",2025,14,1004287.67,1412,2.05e+09
"PADRON",2025,14,1004287.67,1413,2.05e+09
"PADRON",2025,14,1004287.67,1414,2.05e+09
"PADRON",2025,14,1004287.67,1415,2.05e+09
"PADRON",2025,14,1004287.67,1416,2.05e+09
"PADRON",2025,14,1004287.67,1417,2.05e+09
"PADRON",2025,14,1004287.67,1418,2.05e+09
"PADRON",2025,14,1004287.67,1419,2.05e+09
"PADRON",2025,14,1004287.67,1420,2.05e+09
"PADRON",2025,14,1004287.67,1421,2.05e+09
"PADRON",2025,14,1004287.67,1422,2.05e+09
"PADRON",2025,14,1004287.67,1423,2.05e+09
"PADRON",2025,14,1004287.67,1424,2.05e+09
"PADRON",2025,14,1004287.67,1425,2.05e+09
"PADRON",2025,14,1004287.67,1426,2.05e+09
"PADRON",2025,14,1004287.67,1427,2.05e+09
"PADRON",2025,14,1004287.67,1428,2.05e+09
"PADRON",2025,14,1004287.67,1429,2.05e+09
"PADRON",2025,14,1004287.67,1430,2.05e+09
"PADRON",2025,14,1004287.67,1431,2.05e+09
"PADRON",2025,14,1004287.67,1432,2.05e+09
"PADRON",2025,14,1004287.67,1433,2.05e+09
"PADRON",2025,14,1004287.67,1434,2.05e+09
"PADRON",2025,14,1004287.67,1435,2.05e+09
"PADRON",2025,14,1004287.67,1436,2.05e+09
"PADRON",2025,14,1004287.67,1437,2.05e+09
"PADRON",2025,14,1004287.67,1438,2.05e+09
"PADRON",2025,14,1004287.67,1439,2.05e+09
"PADRON",2025,14,1004287.67,1440,2.05e+09
"PADRON",2025,14,1004287.67,1441,2.05e+09
"PADRON",2025,14,1004287.67,1442,2.05e+09
"PADRON",2025,14,1004287.67,1443,2.05e+09
"PADRON",2025,14,1004287.67,1444,2.05e+09
"PADRON",2025,14,1004287.67,1445,2.05e+09
"PADRON",2025,14,1004287.67,1446,2.05e+09
"PADRON",2025,14,1004287.67,1447,2.05e+09
"PADRON",2025,14,1004287.67,1448,2.05e+09
"PADRON",2025,14,1004287.67,1449,2.05e+09
"PADRON",2025,14,1004287.67,1450,2.05e+09
"PADRON",2025,13,1004287.67,1451,2.05e+09
"PADRON",2025,13,1004287.67,1452,2.05e+09
"PADRON",2025,13,1004287.67,1453,2.05e+09
"PADRON",2025,13,1004287.67,1454,2.05e+09
"PADRON",2025,13,1004287.67,1455,2.05e+09
"PADRON",2025,13,1004287.67,1456,2.05e+09
"PADRON",2025,13,1004287.67,1457,2.05e+09
"PADRON",2025,13,1004287.67,1458,2.05e+09
"PADRON",2025,13,1004287.67,1459,2.05e+09
"PADRON",2025,13,1004287.67,1460,2.05e+09
"PADRON",2025,13,1004287.67,1461,2.05e+09
"PADRON",2025,13,1004287.67,1462,2.05e+09
"PADRON",2025,13,1004287.67,1463,2.05e+09
"PADRON",2025,13,1004287.67,1464,2.05e+09
"PADRON",2025,13,1004287.67,1465,2.05e+09
"PADRON",2025,13,1004287.67,1466,2.05e+09
"PADRON",2025,13,1004287.67,1467,2.05e+09
"PADRON",2025,13,1004287.67,1468,2.05e+09
"PADRON",2025,13,1004287.67,1469,2.05e+09
"PADRON",2025,13,1004287.67,1470,2.05e+09
"PADRON",2025,13,1004287.67,1471,2.05e+09
"PADRON",2025,13,1004287.67,1472,2.05e+09
"PADRON",2025,13,1004287.67,1473,2.05e+09
"PADRON",2025,13,1004287.67,1474,2.05e+09
"PADRON",2025,13,1004287.67,1475,2.05e+09
"PADRON",2025,13,1004287.67,1476,2.05e+09
"PADRON",2025,13,1004287.67,1477,2.05e+09
"PADRON",2025,13,1004287.67,1478,2.05e+09
"PADRON",2025,13,1004287.67,1479,2.05e+09
"PADRON",2025,13,1004287.67,1480,2.05e+09
"PADRON",2025,13,1004287.67,1481,2.05e+09
"PADRON",2025,13,1004287.67,1482,2.05e+09
"PADRON",2025,13,1004287.67,1483,2.05e+09
"PADRON",2025,13,1004287.67,1484,2.05e+09
"PADRON",2025,13,1004287.67,1485,2.05e+09
"PADRON",2025,13,1004287.67,1486,2.05e+09
"PADRON",2025,13,1004287.67,1487,2.05e+09
"PADRON",2025,13,1004287.67,1488,2.05e+09
"PADRON",2025,13,1004287.67,1489,2.05e+09
"PADRON",2025,13,1004287.67,1490,2.05e+09
"PADRON",2025,13,1004287.67,1491,2.05e+09
"PADRON",2025,13,1004287.67,1492,2.05e+09
"PADRON",2025,13,1004287.67,1493,2.05e+09
"PADRON",2025,13,1004287.67,1494,2.05e+09
"PADRON",2025,13,1004287.67,1495,2.05e+09
"PADRON",2025,13,1004287.67,1496,2.05e+09
"PADRON",2025,13,1004287.67,1497,2.05e+09
"PADRON",2025,13,1004287.67,1498,2.05e+09
"PADRON",2025,13,1004287.67,1499,2.05e+09
"PADRON",2025,13,1004287.67,1500,2.05e+09
"PADRON",2025,13,1004287.67,1501,2.05e+09
"PADRON",2025,13,1004287.67,1502,2.05e+09
"PADRON",2025,13,1004287.67,1503,2.05e+09
"PADRON",2025,13,1004287.67,1504,2.05e+09
"PADRON",2025,13,1004287.67,1505,2.05e+09
"PADRON",2025,13,1004287.67,1506,2.05e+09
"PADRON",2025,13,1004287.67,1507,2.05e+09
"PADRON",2025,13,1004287.67,1508,2.05e+09
"PADRON",2025,13,1004287.67,1509,2.05e+09
"PADRON",2025,13,1004287.67,1510,2.05e+09
"PADRON",2025,13,1004287.67,1511,2.05e+09
"PADRON",2025,13,1004287.67,1512,2.05e+09
"PADRON",2025,13,1004287.67,1513,2.05e+09
"PADRON",2025,13,1004287.67,1514,2.05e+09
"PADRON",2025,13,1004287.67,1515,2.05e+09
"PADRON",2025,13,1004287.67,1516,2.05e+09
"PADRON",2025,13,1004287.67,1517,2.05e+09
"PADRON",2025,13,1004287.67,1518,2.05e+09
"PADRON",2025,13,1004287.67,1519,2.05e+09
"PADRON",2025,13,1004287.67,1520,2.05e+09
"PADRON",2025,13,1004287.67,1521,2.05e+09
"PADRON",2025,13,1004287.67,1522,2.05e+09
"PADRON",2025,13,1004287.67,1523,2.05e+09
"PADRON",2025,13,1004287.67,1524,2.05e+09
"PADRON",2025,13,1004287.67,1525,2.05e+09
"PADRON",2025,13,1004287.67,1526,2.05e+09
"PADRON",2025,13,1004287.67,1527,2.05e+09
"PADRON",2025,13,1004287.67,1528,2.05e+09
"PADRON",2025,13,1004287.67,1529,2.05e+09
"PADRON",2025,13,1004287.67,1530,2.05e+09
"PADRON",2025,13,1004287.67,1531,2.05e+09
"PADRON",2025,13,1004287.67,1532,2.05e+09
"PADRON",2025,13,1004287.67,1533,2.05e+09
"PADRON",2025,13,1004287.67,1534,2.05e+09
"PADRON",2026,13,1004287.67,1535,2.05e+09
"PADRON",2026,13,1004287.67,1536,2.05e+09
"PADRON",2026,13,1004287.67,1537,2.05e+09
"PADRON",2026,13,1004287.67,1538,2.05e+09
"PADRON",2026,13,1004287.67,1539,2.05e+09
"PADRON",2026,13,1004287.67,1540,2.05e+09
"PADRON",2026,13,1004287.67,1541,2.05e+09
"PADRON",2026,13,1004287.67,1542,2.05e+09
"PADRON",2026,13,1004287.67,1543,2.05e+09
"PADRON",2026,13,1004287.67,1544,2.05e+09
"PADRON",2026,13,1004287.67,1545,2.05e+09
"PADRON",2026,13,1004287.67,1546,2.05e+09
"PADRON",2026,13,1004287.67,1547,2.05e+09
"PADRON",2026,13,1004287.67,1548,2.05e+09
"PADRON",2026,13,1004287.67,1549,2.05e+09
"PADRON",2026,13,1004287.67,1550,2.05e+09
"PADRON",2026,13,1004287.67,1551,2.05e+09
"PADRON",2026,13,1004287.67,1552,2.05e+09
"PADRON",2026,13,1004287.67,1553,2.05e+09
"PADRON",2026,13,1004287.67,1554,2.05e+09
"PADRON",2026,13,1004287.67,1555,2.05e+09
"PADRON",2026,13,1004287.67,1556,2.05e+09
"PADRON",2026,13,1004287.67,1557,2.05e+09
"PADRON",2026,13,1004287.67,1558,2.05e+09
"PADRON",2026,13,1004287.67,1559,2.05e+09
"PADRON",2026,13,1004287.67,1560,2.05e+09
"PADRON",2026,13,1004287.67,1561,2.05e+09
"PADRON",2026,13,1004287.67,1562,2.05e+09
"PADRON",2026,13,1004287.67,1563,2.05e+09
"PADRON",2026,13,1004287.67,1564,2.05e+09
"PADRON",2026,13,1004287.67,1565,2.05e+09
"PADRON",2026,13,1004287.67,1566,2.05e+09
"PADRON",2026,13,1004287.67,1567,2.05e+09
"PADRON",2026,13,1004287.67,1568,2.05e+09
"PADRON",2026,13,1004287.67,1569,2.05e+09
"PADRON",2026,13,1004287.67,1570,2.05e+09
"PADRON",2026,13,1004287.67,1571,2.05e+09
"PADRON",2026,13,1004287.67,1572,2.05e+09
"PADRON",2026,13,1004287.67,1573,2.05e+09
"PADRON",2026,13,1004287.67,1574,2.05e+09
"PADRON",2026,13,1004287.67,1575,2.05e+09
"PADRON",2026,13,1004287.67,1576,2.05e+09
"PADRON",2026,13,1004287.67,1577,2.05e+09
"PADRON",2026,13,1004287.67,1578,2.05e+09
"PADRON",2026,13,1004287.67,1579,2.05e+09
"PADRON",2026,13,1004287.67,1580,2.05e+09
"PADRON",2026,13,1004287.67,1581,2.05e+09
"PADRON",2026,13,1004287.67,1582,2.05e+09
"PADRON",2026,13,1004287.67,1583,2.05e+09
"PADRON",2026,13,1004287.67,1584,2.05e+09
"PADRON",2026,13,1004287.67,1585,2.05e+09
"PADRON",2026,13,1004287.67,1586,2.05e+09
"PADRON",2026,13,1004287.67,1587,2.05e+09
"PADRON",2026,13,1004287.67,1588,2.05e+09
"PADRON",2026,13,1004287.67,1589,2.05e+09
"PADRON",2026,13,1004287.67,1590,2.05e+09
"PADRON",2026,13,1004287.67,1591,2.05e+09
"PADRON",2026,13,1004287.67,1592,2.05e+09
"PADRON",2026,13,1004287.67,1593,2.05e+09
"PADRON",2026,13,1004287.67,1594,2.05e+09
"PADRON",2026,13,1004287.67,1595,2.05e+09
"PADRON",2026,13,1004287.67,1596,2.05e+09
"PADRON",2026,13,1004287.67,1597,2.05e+09
"PADRON",2026,13,1004287.67,1598,2.05e+09
"PADRON",2026,13,1004287.67,1599,2.05e+09
"PADRON",2026,13,1004287.67,1600,2.05e+09
"PADRON",2026,13,1004287.67,1601,2.05e+09
"PADRON",2026,13,1004287.67,1602,2.05e+09
"PADRON",2026,13,1004287.67,1603,2.05e+09
"PADRON",2026,13,1004287.67,1604,2.05e+09
"PADRON",2026,13,1004287.67,1605,2.05e+09
"PADRON",2026,13,1004287.67,1606,2.05e+09
"PADRON",2026,13,1004287.67,1607,2.05e+09
"PADRON",2026,13,1004287.67,1608,2.05e+09
"PADRON",2026,13,1004287.67,1609,2.05e+09
"PADRON",2026,13,1004287.67,1610,2.05e+09
"PADRON",2026,13,1004287.67,1611,2.05e+09
"PADRON",2026,13,1004287.67,1612,2.05e+09
"PADRON",2026,13,1004287.67,1613,2.05e+09
"PADRON",2026,13,1004287.67,1614,2.05e+09
"PADRON",2026,13,1004287.67,1615,2.05e+09
"PADRON",2026,13,1004287.67,1616,2.05e+09
"PADRON",2026,13,1004287.67,1617,2.05e+09
"PADRON",2026,13,1004287.67,1618,2.05e+09
"PADRON",2026,13,1004287.67,1619,2.05e+09
"PADRON",2026,13,1004287.67,1620,2.05e+09
"PADRON",2026,13,1004287.67,1621,2.05e+09
"PADRON",2026,13,1004287.67,1622,2.05e+09
"PADRON",2026,13,1004287.67,1623,2.05e+09
"PADRON",2026,13,1004287.67,1624,2.05e+09
"PADRON",2026,13,1004287.67,1625,2.05e+09
"PADRON",2026,13,1004287.67,1626,2.05e+09
"PADRON",2026,13,1004287.67,1627,2.05e+09
"PADRON",2026,13,1004287.67,1628,2.05e+09
"PADRON",2026,13,1004287.67,1629,2.05e+09
"PADRON",2026,13,1004287.67,1630,2.05e+09
"PADRON",2026,13,1004287.67,1631,2.05e+09
"PADRON",2026,13,1004287.67,1632,2.05e+09
"PADRON",2026,13,1004287.67,1633,2.05e+09
"PADRON",2026,13,1004287.67,1634,2.05e+09
"PADRON",2026,13,1004287.67,1635,2.05e+09
"PADRON",2026,13,1004287.67,1636,2.05e+09
"PADRON",2026,13,1004287.67,1637,2.05e+09
"PADRON",2026,13,1004287.67,1638,2.05e+09
"PADRON",2026,13,1004287.67,1639,2.05e+09
"PADRON",2026,13,1004287.67,1640,2.05e+09
"PADRON",2026,13,1004287.67,1641,2.05e+09
"PADRON",2026,13,1004287.67,1642,2.05e+09
"PADRON",2026,13,1004287.67,1643,2.05e+09
"PADRON",2026,13,1004287.67,1644,2.05e+09
"PADRON",2026,13,1004287.67,1645,2.05e+09
"PADRON",2026,13,1004287.67,1646,2.05e+09
"PADRON",2026,13,1004287.67,1647,2.05e+09
"PADRON",2026,13,1004287.67,1648,2.05e+09
"PADRON",2026,13,1004287.67,1649,2.05e+09
"PADRON",2026,13,1004287.67,1650,2.05e+09
"PADRON",2026,13,1004287.67,1651,2.05e+09
"PADRON",2026,13,1004287.67,1652,2.05e+09
"PADRON",2026,13,1004287.67,1653,2.05e+09
"PADRON",2026,13,1004287.67,1654,2.05e+09
"PADRON",2026,13,1004287.67,1655,2.05e+09
"PADRON",2026,13,1004287.67,1656,2.05e+09
"PADRON",2026,13,1004287.67,1657,2.05e+09
"PADRON",2026,13,1004287.67,1658,2.05e+09
"PADRON",2026,13,1004287.67,1659,2.05e+09
"PADRON",2026,13,1004287.67,1660,2.05e+09
"PADRON",2026,13,1004287.67,1661,2.05e+09
"PADRON",2026,13,1004287.67,1662,2.05e+09
"PADRON",2026,13,1004287.67,1663,2.05e+09
"PADRON",2026,13,1004287.67,1664,2.05e+09
"PADRON",2026,13,1004287.67,1665,2.05e+09
"PADRON",2026,13,1004287.67,1666,2.05e+09
"PADRON",2026,13,1004287.67,1667,2.05e+09
"PADRON",2026,13,1004287.67,1668,2.05e+09
"PADRON",2026,13,1004287.67,1669,2.05e+09
"PADRON",2026,13,1004287.67,1670,2.05e+09
"PADRON",2026,13,1004287.67,1671,2.05e+09
"PADRON",2026,13,1004287.67,1672,2.05e+09
"PADRON",2026,13,1004287.67,1673,2.05e+09
"PADRON",2026,13,1004287.67,1674,2.05e+09
"PADRON",2026,13,1004287.67,1675,2.05e+09
"PADRON",2026,13,1004287.67,1676,2.05e+09
"PADRON",2026,13,1004287.67,1677,2.05e+09
"PADRON",2026,13,1004287.67,1678,2.05e+09
"PADRON",2026,13,1004287.67,1679,2.05e+09
"PADRON",2026,13,1004287.67,1680,2.05e+09
"PADRON",2026,13,1004287.67,1681,2.05e+09
"PADRON",2026,13,1004287.67,1682,2.05e+09
"PADRON",2026,13,1004287.67,1683,2.05e+09
"PADRON",2026,13,1004287.67,1684,2.05e+09
"PADRON",2026,13,1004287.67,1685,2.05e+09
"PADRON",2026,13,1004287.67,1686,2.05e+09
"PADRON",2026,13,1004287.67,1687,2.05e+09
"PADRON",2026,13,1004287.67,1688,2.05e+09
"PADRON",2026,13,1004287.67,1689,2.05e+09
"PADRON",2026,13,1004287.67,1690,2.05e+09
"PADRON",2026,13,1004287.67,1691,2.05e+09
"PADRON",2026,13,1004287.67,1692,2.05e+09
"PADRON",2026,13,1004287.67,1693,2.05e+09
"PADRON",2026,13,1004287.67,1694,2.05e+09
"PADRON",2026,13,1004287.67,1695,2.05e+09
"PADRON",2026,13,1004287.67,1696,2.05e+09
"PADRON",2026,13,1004287.67,1697,2.05e+09
"PADRON",2026,13,1004287.67,1698,2.05e+09
"PADRON",2026,13,1004287.67,1699,2.05e+09
"PADRON",2026,13,1004287.67,1700,2.05e+09
"PADRON",2026,13,1004287.67,1701,2.05e+09
"PADRON",2026,13,1004287.67,1702,2.05e+09
"PADRON",2026,13,1004287.67,1703,2.05e+09
"PADRON",2026,13,1004287.67,1704,2.05e+09
"PADRON",2026,13,1004287.67,1705,2.05e+09
"PADRON",2026,13,1004287.67,1706,2.05e+09
"PADRON",2026,13,1004287.67,1707,2.05e+09
"PADRON",2026,13,1004287.67,1708,2.05e+09
"PADRON",2026,13,1004287.67,1709,2.05e+09
"PADRON",2026,13,1004287.67,1710,2.05e+09
"PADRON",2026,13,1004287.67,1711,2.05e+09
"PADRON",2026,13,1004287.67,1712,2.05e+09
"PADRON",2026,13,1004287.67,1713,2.05e+09
"PADRON",2026,13,1004287.67,1714,2.05e+09
"PADRON",2026,13,1004287.67,1715,2.05e+09
"PADRON",2026,13,1004287.67,1716,2.05e+09
"PADRON",2026,13,1004287.67,1717,2.05e+09
"PADRON",2026,13,1004287.67,1718,2.05e+09
"PADRON",2026,13,1004287.67,1719,2.05e+09
"PADRON",2026,13,1004287.67,1720,2.05e+09
"PADRON",2026,13,1004287.67,1721,2.05e+09
"PADRON",2026,13,1004287.67,1722,2.05e+09
"PADRON",2026,13,1004287.67,1723,2.05e+09
"PADRON",2026,13,1004287.67,1724,2.05e+09
"PADRON",2026,13,1004287.67,1725,2.05e+09
"PADRON",2026,13,1004287.67,1726,2.05e+09
"PADRON",2026,13,1004287.67,1727,2.05e+09
"PADRON",2026,13,1004287.67,1728,2.05e+09
"PADRON",2026,13,1004287.67,1729,2.05e+09
"PADRON",2026,13,1004287.67,1730,2.05e+09
"PADRON",2026,13,1004287.67,1731,2.05e+09
"PADRON",2026,13,1004287.67,1732,2.05e+09
"PADRON",2026,13,1004287.67,1733,2.05e+09
"PADRON",2026,13,1004287.67,1734,2.05e+09
"PADRON",2026,13,1004287.67,1735,2.05e+09
"PADRON",2026,13,1004287.67,1736,2.05e+09
"PADRON",2026,13,1004287.67,1737,2.05e+09
"PADRON",2026,13,1004287.67,1738,2.05e+09
"PADRON",2026,13,1004287.67,1739,2.05e+09
"PADRON",2026,13,1004287.67,1740,2.05e+09
"PADRON",2026,13,1004287.67,1741,2.05e+09
"PADRON",2026,13,1004287.67,1742,2.05e+09
"PADRON",2026,13,1004287.67,1743,2.05e+09
"PADRON",2026,13,1004287.67,1744,2.05e+09
"PADRON",2026,13,1004287.67,1745,2.05e+09
"PADRON",2026,13,1004287.67,1746,2.05e+09
"PADRON",2026,13,1004287.67,1747,2.05e+09
"PADRON",2026,13,1004287.67,1748,2.05e+09
"PADRON",2026,13,1004287.67,1749,2.05e+09
"PADRON",2026,13,1004287.67,1750,2.05e+09
"PADRON",2026,13,1004287.67,1751,2.05e+09
"PADRON",2026,12,1004287.67,1752,2.05e+09
"PADRON",2026,12,1004287.67,1753,2.05e+09
"PADRON",2026,12,1004287.67,1754,2.05e+09
"PADRON",2026,12,1004287.67,1755,2.05e+09
"PADRON",2026,12,1004287.67,1756,2.05e+09
"PADRON",2026,12,1004287.67,1757,2.05e+09
"PADRON",2026,12,1004287.67,1758,2.05e+09
"PADRON",2026,12,1004287.67,1759,2.05e+09
"PADRON",2026,12,1004287.67,1760,2.05e+09
"PADRON",2026,12,1004287.67,1761,2.05e+09
"PADRON",2026,12,1004287.67,1762,2.05e+09
"PADRON",2026,12,1004287.67,1763,2.05e+09
"PADRON",2026,12,1004287.67,1764,2.05e+09
"PADRON",2026,12,1004287.67,1765,2.05e+09
"PADRON",2026,12,1004287.67,1766,2.05e+09
"PADRON",2026,12,1004287.67,1767,2.05e+09
"PADRON",2026,12,1004287.67,1768,2.05e+09
"PADRON",2026,12,1004287.67,1769,2.05e+09
"PADRON",2026,12,1004287.67,1770,2.05e+09
"PADRON",2026,12,1004287.67,1771,2.05e+09
"PADRON",2026,12,1004287.67,1772,2.05e+09
"PADRON",2026,12,1004287.67,1773,2.05e+09
"PADRON",2026,12,1004287.67,1774,2.05e+09
"PADRON",2026,12,1004287.67,1775,2.05e+09
"PADRON",2026,12,1004287.67,1776,2.05e+09
"PADRON",2026,12,1004287.67,1777,2.05e+09
"PADRON",2026,12,1004287.67,1778,2.05e+09
"PADRON",2026,12,1004287.67,1779,2.05e+09
"PADRON",2026,12,1004287.67,1780,2.05e+09
"PADRON",2026,12,1004287.67,1781,2.05e+09
"PADRON",2026,12,1004287.67,1782,2.05e+09
"PADRON",2026,12,1004287.67,1783,2.05e+09
"PADRON",2026,12,1004287.67,1784,2.05e+09
"PADRON",2026,12,1004287.67,1785,2.05e+09
"PADRON",2026,12,1004287.67,1786,2.05e+09
"PADRON",2026,12,1004287.67,1787,2.05e+09
"PADRON",2026,12,1004287.67,1788,2.05e+09
"PADRON",2026,12,1004287.67,1789,2.05e+09
"PADRON",2026,12,1004287.67,1790,2.05e+09
"PADRON",2026,12,1004287.67,1791,2.05e+09
"PADRON",2026,12,1004287.67,1792,2.05e+09
"PADRON",2026,12,1004287.67,1793,2.05e+09
"PADRON",2026,12,1004287.67,1794,2.05e+09
"PADRON",2026,12,1004287.67,1795,2.05e+09
"PADRON",2026,12,1004287.67,1796,2.05e+09
"PADRON",2026,12,1004287.67,1797,2.05e+09
"PADRON",2026,12,1004287.67,1798,2.05e+09
"PADRON",2026,12,1004287.67,1799,2.05e+09
"PADRON",2026,12,1004287.67,1800,2.05e+09
"PADRON",2026,12,1004287.67,1801,2.05e+09
"PADRON",2026,12,1004287.67,1802,2.05e+09
"PADRON",2026,12,1004287.67,1803,2.05e+09
"PADRON",2026,12,1004287.67,1804,2.05e+09
"PADRON",2026,12,1004287.67,1805,2.05e+09
"PADRON",2026,12,1004287.67,1806,2.05e+09
"PADRON",2026,12,1004287.67,1807,2.05e+09
"PADRON",2026,12,1004287.67,1808,2.05e+09
"PADRON",2026,12,1004287.67,1809,2.05e+09
"PADRON",2026,12,1004287.67,1810,2.05e+09
"PADRON",2026,12,1004287.67,1811,2.05e+09
"PADRON",2026,12,1004287.67,1812,2.05e+09
"PADRON",2026,12,1004287.67,1813,2.05e+09
"PADRON",2026,12,1004287.67,1814,2.05e+09
"PADRON",2026,12,1004287.67,1815,2.05e+09
"PADRON",2026,12,1004287.67,1816,2.05e+09
"PADRON",2026,12,1004287.67,1817,2.05e+09
"PADRON",2026,12,1004287.67,1818,2.05e+09
"PADRON",2026,12,1004287.67,1819,2.05e+09
"PADRON",2026,12,1004287.67,1820,2.05e+09
"PADRON",2026,12,1004287.67,1821,2.05e+09
"PADRON",2026,12,1004287.67,1822,2.05e+09
"PADRON",2026,12,1004287.67,1823,2.05e+09
"PADRON",2026,12,1004287.67,1824,2.05e+09
"PADRON",2026,12,1004287.67,1825,2.05e+09
"PADRON",2026,12,1004287.67,1826,2.05e+09
"PADRON",2026,12,1004287.67,1827,2.05e+09
"PADRON",2026,12,1004287.67,1828,2.05e+09
"PADRON",2026,12,1004287.67,1829,2.05e+09
"PADRON",2026,12,1004287.67,1830,2.05e+09
"PADRON",2026,12,1004287.67,1831,2.05e+09
"PADRON",2026,12,1004287.67,1832,2.05e+09
"PADRON",2026,12,1004287.67,1833,2.05e+09
"PADRON",2026,12,1004287.67,1834,2.05e+09
"PADRON",2026,12,1004287.67,1835,2.05e+09
"PADRON",2026,12,1004287.67,1836,2.05e+09
"PADRON",2026,12,1004287.67,1837,2.05e+09
"PADRON",2026,12,1004287.67,1838,2.05e+09
"PADRON",2026,12,1004287.67,1839,2.05e+09
"PADRON",2026,12,1004287.67,1840,2.05e+09
"PADRON",2026,12,1004287.67,1841,2.05e+09
"PADRON",2026,12,1004287.67,1842,2.05e+09
"PADRON",2026,12,1004287.67,1843,2.05e+09
"PADRON",2026,12,1004287.67,1844,2.05e+09
"PADRON",2026,12,1004287.67,1845,2.05e+09
"PADRON",2026,12,1004287.67,1846,2.05e+09
"PADRON",2026,12,1004287.67,1847,2.05e+09
"PADRON",2026,12,1004287.67,1848,2.05e+09
"PADRON",2026,12,1004287.67,1849,2.05e+09
"PADRON",2026,12,1004287.67,1850,2.05e+09
"PADRON",2026,12,1004287.67,1851,2.05e+09
"PADRON",2026,12,1004287.67,1852,2.05e+09
"PADRON",2026,12,1004287.67,1853,2.05e+09
"PADRON",2026,12,1004287.67,1854,2.05e+09
"PADRON",2026,12,1004287.67,1855,2.05e+09
"PADRON",2026,12,1004287.67,1856,2.05e+09
"PADRON",2026,12,1004287.67,1857,2.05e+09
"PADRON",2026,12,1004287.67,1858,2.05e+09
"PADRON",2026,12,1004287.67,1859,2.05e+09
"PADRON",2026,12,1004287.67,1860,2.05e+09
"PADRON",2026,12,1004287.67,1861,2.05e+09
"PADRON",2026,12,1004287.67,1862,2.05e+09
"PADRON",2026,12,1004287.67,1863,2.05e+09
"PADRON",2026,12,1004287.67,1864,2.05e+09
"PADRON",2026,12,1004287.67,1865,2.05e+09
"PADRON",2026,12,1004287.67,1866,2.05e+09
"PADRON",2026,12,1004287.67,1867,2.05e+09
"PADRON",2026,12,1004287.67,1868,2.05e+09
"PADRON",2026,12,1004287.67,1869,2.05e+09
"PADRON",2026,12,1004287.67,1870,2.05e+09
"PADRON",2026,12,1004287.67,1871,2.05e+09
"PADRON",2026,12,1004287.67,1872,2.05e+09
"PADRON",2026,12,1004287.67,1873,2.05e+09
"PADRON",2026,12,1004287.67,1874,2.05e+09
"PADRON",2026,12,1004287.67,1875,2.05e+09
"PADRON",2026,12,1004287.67,1876,2.05e+09
"PADRON",2026,12,1004287.67,1877,2.05e+09
"PADRON",2026,12,1004287.67,1878,2.05e+09
"PADRON",2026,12,1004287.67,1879,2.05e+09
"PADRON",2026,12,1004287.67,1880,2.05e+09
"PADRON",2026,12,1004287.67,1881,2.05e+09
"PADRON",2026,12,1004287.67,1882,2.05e+09
"PADRON",2026,12,1004287.67,1883,2.05e+09
"PADRON",2026,12,1004287.67,1884,2.05e+09
"PADRON",2026,12,1004287.67,1885,2.05e+09
"PADRON",2026,12,1004287.67,1886,2.05e+09
"PADRON",2026,12,1004287.67,1887,2.05e+09
"PADRON",2026,12,1004287.67,1888,2.05e+09
"PADRON",2026,12,1004287.67,1889,2.05e+09
"PADRON",2026,12,1004287.67,1890,2.05e+09
"PADRON",2026,12,1004287.67,1891,2.05e+09
"PADRON",2026,12,1004287.67,1892,2.05e+09
"PADRON",2026,12,1004287.67,1893,2.05e+09
"PADRON",2026,12,1004287.67,1894,2.05e+09
"PADRON",2026,12,1004287.67,1895,2.05e+09
"PADRON",2026,12,1004287.67,1896,2.05e+09
"PADRON",2026,12,1004287.67,1897,2.05e+09
"PADRON",2026,12,1004287.67,1898,2.05e+09
"PADRON",2026,12,1004287.67,1899,2.05e+09
"PADRON",2026,12,1004287.67,1900,2.05e+09
"PADRON",2026,12,1004287.67,1901,2.05e+09
"PADRON",2026,12,1004287.67,1902,2.05e+09
"PADRON",2026,12,1004287.67,1903,2.05e+09
"PADRON",2026,12,1004287.67,1904,2.05e+09
"PADRON",2026,12,1004287.67,1905,2.05e+09
"PADRON",2026,12,1004287.67,1906,2.05e+09
"PADRON",2026,12,1004287.67,1907,2.05e+09
"PADRON",2026,12,1004287.67,1908,2.05e+09
"PADRON",2026,12,1004287.67,1909,2.05e+09
"PADRON",2026,12,1004287.67,1910,2.05e+09
"PADRON",2026,12,1004287.67,1911,2.05e+09
"PADRON",2026,12,1004287.67,1912,2.05e+09
"PADRON",2026,12,1004287.67,1913,2.05e+09
"PADRON",2026,12,1004287.67,1914,2.05e+09
"PADRON",2026,12,1004287.67,1915,2.05e+09
"PADRON",2026,12,1004287.67,1916,2.05e+09
"PADRON",2026,12,1004287.67,1917,2.05e+09
"PADRON",2026,12,1004287.67,1918,2.05e+09
"PADRON",2026,12,1004287.67,1919,2.05e+09
"PADRON",2026,12,1004287.67,1920,2.05e+09
"PADRON",2026,12,1004287.67,1921,2.05e+09
"PADRON",2026,12,1004287.67,1922,2.05e+09
"PADRON",2026,12,1004287.67,1923,2.05e+09
"PADRON",2026,12,1004287.67,1924,2.05e+09
"PADRON",2026,12,1004287.67,1925,2.05e+09
"PADRON",2026,12,1004287.67,1926,2.05e+09
"PADRON",2026,12,1004287.67,1927,2.05e+09
"PADRON",2026,12,1004287.67,1928,2.05e+09
"PADRON",2026,12,1004287.67,1929,2.05e+09
"PADRON",2026,12,1004287.67,1930,2.05e+09
"PADRON",2026,12,1004287.67,1931,2.05e+09
"PADRON",2026,12,1004287.67,1932,2.05e+09
"PADRON",2026,12,1004287.67,1933,2.05e+09
"PADRON",2026,12,1004287.67,1934,2.05e+09
"PADRON",2026,12,1004287.67,1935,2.05e+09
"PADRON",2026,12,1004287.67,1936,2.05e+09
"PADRON",2026,12,1004287.67,1937,2.05e+09
"PADRON",2026,12,1004287.67,1938,2.05e+09
"PADRON",2026,12,1004287.67,1939,2.05e+09
"PADRON",2026,12,1004287.67,1940,2.05e+09
"PADRON",2026,12,1004287.67,1941,2.05e+09
"PADRON",2026,12,1004287.67,1942,2.05e+09
"PADRON",2026,12,1004287.67,1943,2.05e+09
"PADRON",2027,12,1004287.67,1944,2.05e+09
"PADRON",2027,12,1004287.67,1945,2.05e+09
"PADRON",2027,12,1004287.67,1946,2.05e+09
"PADRON",2027,12,1004287.67,1947,2.05e+09
"PADRON",2027,12,1004287.67,1948,2.05e+09
"PADRON",2027,12,1004287.67,1949,2.05e+09
"PADRON",2027,12,1004287.67,1950,2.05e+09
"PADRON",2027,12,1004287.67,1951,2.05e+09
"PADRON",2027,12,1004287.67,1952,2.05e+09
"PADRON",2027,12,1004287.67,1953,2.05e+09
"PADRON",2027,12,1004287.67,1954,2.05e+09
"PADRON",2027,12,1004287.67,1955,2.05e+09
"PADRON",2027,12,1004287.67,1956,2.05e+09
"PADRON",2027,12,1004287.67,1957,2.05e+09
"PADRON",2027,12,1004287.67,1958,2.05e+09
"PADRON",2027,12,1004287.67,1959,2.05e+09
"PADRON",2027,12,1004287.67,1960,2.05e+09
"PADRON",2027,12,1004287.67,1961,2.05e+09
"PADRON",2027,12,1004287.67,1962,2.05e+09
"PADRON",2027,12,1004287.67,1963,2.05e+09
"PADRON",2027,12,1004287.67,1964,2.05e+09
"PADRON",2027,11,1004287.67,1965,2.05e+09
"PADRON",2027,11,1004287.67,1966,2.05e+09
"PADRON",2027,11,1004287.67,1967,2.05e+09
"PADRON",2027,11,1004287.67,1968,2.05e+09
"PADRON",2027,11,1004287.67,1969,2.05e+09
"PADRON",2027,11,1004287.67,1970,2.05e+09
"PADRON",2027,11,1004287.67,1971,2.05e+09
"PADRON",2027,11,1004287.67,1972,2.05e+09
"PADRON",2027,11,1004287.67,1973,2.05e+09
"PADRON",2027,11,1004287.67,1974,2.05e+09
"PADRON",2027,11,1004287.67,1975,2.05e+09
"PADRON",2027,11,1004287.67,1976,2.05e+09
"PADRON",2027,11,1004287.67,1977,2.05e+09
"PADRON",2027,11,1004287.67,1978,2.05e+09
"PADRON",2027,11,1004287.67,1979,2.05e+09
"PADRON",2027,11,1004287.67,1980,2.05e+09
"PADRON",2027,11,1004287.67,1981,2.05e+09
"PADRON",2027,11,1004287.67,1982,2.05e+09
"PADRON",2027,11,1004287.67,1983,2.05e+09
"PADRON",2027,11,1004287.67,1984,2.05e+09
"PADRON",2027,11,1004287.67,1985,2.05e+09
"PADRON",2027,11,1004287.67,1986,2.05e+09
"PADRON",2027,11,1004287.67,1987,2.05e+09
"PADRON",2027,11,1004287.67,1988,2.05e+09
"PADRON",2027,11,1004287.67,1989,2.05e+09
"PADRON",2027,11,1004287.67,1990,2.05e+09
"PADRON",2027,11,1004287.67,1991,2.05e+09
"PADRON",2027,11,1004287.67,1992,2.05e+09
"PADRON",2027,11,1004287.67,1993,2.05e+09
"PADRON",2027,11,1004287.67,1994,2.05e+09
"PADRON",2027,11,1004287.67,1995,2.05e+09
"PADRON",2027,11,1004287.67,1996,2.05e+09
"PADRON",2027,11,1004287.67,1997,2.05e+09
"PADRON",2027,11,1004287.67,1998,2.05e+09
"PADRON",2027,11,1004287.67,1999,2.05e+09
"PADRON",2027,11,1004287.67,2000,2.05e+09
"PADRON",2027,11,1004287.67,2001,2.05e+09
"PADRON",2027,11,1004287.67,2002,2.05e+09
"PADRON",2027,11,1004287.67,2003,2.05e+09
"PADRON",2027,11,1004287.67,2004,2.05e+09
"PADRON",2027,11,1004287.67,2005,2.05e+09
"PADRON",2027,11,1004287.67,2006,2.05e+09
"PADRON",2027,11,1004287.67,2007,2.05e+09
"PADRON",2027,11,1004287.67,2008,2.05e+09
"PADRON",2027,11,1004287.67,2009,2.05e+09
"PADRON",2027,11,1004287.67,2010,2.05e+09
"PADRON",2027,11,1004287.67,2011,2.05e+09
"PADRON",2027,11,1004287.67,2012,2.05e+09
"PADRON",2027,11,1004287.67,2013,2.05e+09
"PADRON",2027,11,1004287.67,2014,2.05e+09
"PADRON",2027,11,1004287.67,2015,2.05e+09
"PADRON",2027,11,1004287.67,2016,2.05e+09
"PADRON",2027,11,1004287.67,2017,2.05e+09
"PADRON",2027,11,1004287.67,2018,2.05e+09
"PADRON",2027,11,1004287.67,2019,2.05e+09
"PADRON",2027,11,1004287.67,2020,2.05e+09
"PADRON",2027,11,1004287.67,2021,2.05e+09
"PADRON",2027,11,1004287.67,2022,2.05e+09
"PADRON",2027,11,1004287.67,2023,2.05e+09
"PADRON",2027,11,1004287.67,2024,2.05e+09
"PADRON",2027,11,1004287.67,2025,2.05e+09
"PADRON",2027,11,1004287.67,2026,2.05e+09
"PADRON",2027,11,1004287.67,2027,2.05e+09
"PADRON",2027,11,1004287.67,2028,2.05e+09
"PADRON",2027,11,1004287.67,2029,2.05e+09
"PADRON",2027,11,1004287.67,2030,2.05e+09
"PADRON",2027,11,1004287.67,2031,2.05e+09
"PADRON",2027,11,1004287.67,2032,2.05e+09
"PADRON",2027,11,1004287.67,2033,2.05e+09
"PADRON",2027,11,1004287.67,2034,2.05e+09
"PADRON",2027,11,1004287.67,2035,2.05e+09
"PADRON",2027,11,1004287.67,2036,2.05e+09
"PADRON",2027,11,1004287.67,2037,2.05e+09
"PADRON",2027,11,1004287.67,2038,2.05e+09
"PADRON",2027,11,1004287.67,2039,2.05e+09
"PADRON",2027,11,1004287.67,2040,2.05e+09
"PADRON",2027,11,1004287.67,2041,2.05e+09
"PADRON",2027,11,1004287.67,2042,2.05e+09
"PADRON",2027,11,1004287.67,2043,2.05e+09
"PADRON",2027,11,1004287.67,2044,2.05e+09
"PADRON",2027,11,1004287.67,2045,2.05e+09
"PADRON",2027,11,1004287.67,2046,2.05e+09
"PADRON",2027,11,1004287.67,2047,2.05e+09
"PADRON",2027,11,1004287.67,2048,2.05e+09
"PADRON",2027,11,1004287.67,2049,2.05e+09
"PADRON",2027,11,1004287.67,2050,2.05e+09
"PADRON",2027,11,1004287.67,2051,2.05e+09
"PADRON",2027,11,1004287.67,2052,2.05e+09
"PADRON",2027,11,1004287.67,2053,2.05e+09
"PADRON",2027,11,1004287.67,2054,2.05e+09
"PADRON",2027,11,1004287.67,2055,2.05e+09
"PADRON",2027,11,1004287.67,2056,2.05e+09
"PADRON",2027,11,1004287.67,2057,2.05e+09
"PADRON",2027,11,1004287.67,2058,2.05e+09
"PADRON",2027,11,1004287.67,2059,2.05e+09
"PADRON",2027,11,1004287.67,2060,2.05e+09
"PADRON",2027,11,1004287.67,2061,2.05e+09
"PADRON",2027,11,1004287.67,2062,2.05e+09
"PADRON",2027,11,1004287.67,2063,2.05e+09
"PADRON",2027,11,1004287.67,2064,2.05e+09
"PADRON",2027,11,1004287.67,2065,2.05e+09
"PADRON",2027,11,1004287.67,2066,2.05e+09
"PADRON",2027,11,1004287.67,2067,2.05e+09
"PADRON",2027,11,1004287.67,2068,2.05e+09
"PADRON",2027,11,1004287.67,2069,2.05e+09
"PADRON",2027,11,1004287.67,2070,2.05e+09
"PADRON",2027,11,1004287.67,2071,2.05e+09
"PADRON",2027,11,1004287.67,2072,2.05e+09
"PADRON",2027,11,1004287.67,2073,2.05e+09
"PADRON",2027,11,1004287.67,2074,2.05e+09
"PADRON",2027,11,1004287.67,2075,2.05e+09
"PADRON",2027,11,1004287.67,2076,2.05e+09
"PADRON",2027,11,1004287.67,2077,2.05e+09
"PADRON",2027,11,1004287.67,2078,2.05e+09
"PADRON",2027,11,1004287.67,2079,2.05e+09
"PADRON",2027,11,1004287.67,2080,2.05e+09
"PADRON",2027,11,1004287.67,2081,2.05e+09
"PADRON",2027,11,1004287.67,2082,2.05e+09
"PADRON",2027,11,1004287.67,2083,2.05e+09
"PADRON",2027,10,1004287.67,2084,2.05e+09
"PADRON",2027,10,1004287.67,2085,2.05e+09
"PADRON",2027,10,1004287.67,2086,2.05e+09
"PADRON",2027,10,1004287.67,2087,2.05e+09
"PADRON",2027,10,1004287.67,2088,2.05e+09
"PADRON",2027,10,1004287.67,2089,2.05e+09
"PADRON",2027,10,1004287.67,2090,2.05e+09
"PADRON",2027,10,1004287.67,2091,2.05e+09
"PADRON",2027,10,1004287.67,2092,2.05e+09
"PADRON",2027,10,1004287.67,2093,2.05e+09
"PADRON",2027,10,1004287.67,2094,2.05e+09
"PADRON",2027,10,1004287.67,2095,2.05e+09
"PADRON",2027,10,1004287.67,2096,2.05e+09
"PADRON",2027,10,1004287.67,2097,2.05e+09
"PADRON",2027,10,1004287.67,2098,2.05e+09
"PADRON",2027,10,1004287.67,2099,2.05e+09
"PADRON",2027,10,1004287.67,2100,2.05e+09
"PADRON",2027,10,1004287.67,2101,2.05e+09
"PADRON",2027,10,1004287.67,2102,2.05e+09
"PADRON",2027,10,1004287.67,2103,2.05e+09
"PADRON",2027,10,1004287.67,2104,2.05e+09
"PADRON",2027,10,1004287.67,2105,2.05e+09
"PADRON",2027,10,1004287.67,2106,2.05e+09
"PADRON",2027,10,1004287.67,2107,2.05e+09
"PADRON",2027,10,1004287.67,2108,2.05e+09
"PADRON",2027,10,1004287.67,2109,2.05e+09
"PADRON",2027,10,1004287.67,2110,2.05e+09
"PADRON",2027,10,1004287.67,2111,2.05e+09
"PADRON",2027,10,1004287.67,2112,2.05e+09
"PADRON",2027,10,1004287.67,2113,2.05e+09
"PADRON",2027,10,1004287.67,2114,2.05e+09
"PADRON",2027,10,1004287.67,2115,2.05e+09
"PADRON",2027,10,1004287.67,2116,2.05e+09
"PADRON",2027,10,1004287.67,2117,2.05e+09
"PADRON",2027,10,1004287.67,2118,2.05e+09
"PADRON",2027,10,1004287.67,2119,2.05e+09
"PADRON",2027,10,1004287.67,2120,2.05e+09
"PADRON",2027,10,1004287.67,2121,2.05e+09
"PADRON",2027,10,1004287.67,2122,2.05e+09
"PADRON",2027,10,1004287.67,2123,2.05e+09
"PADRON",2027,10,1004287.67,2124,2.05e+09
"PADRON",2027,10,1004287.67,2125,2.05e+09
"PADRON",2027,10,1004287.67,2126,2.05e+09
"PADRON",2027,10,1004287.67,2127,2.05e+09
"PADRON",2027,10,1004287.67,2128,2.05e+09
"PADRON",2027,10,1004287.67,2129,2.05e+09
"PADRON",2027,10,1004287.67,2130,2.05e+09
"PADRON",2027,10,1004287.67,2131,2.05e+09
"PADRON",2027,10,1004287.67,2132,2.05e+09
"PADRON",2027,10,1004287.67,2133,2.05e+09
"PADRON",2027,10,1004287.67,2134,2.05e+09
"PADRON",2027,10,1004287.67,2135,2.05e+09
"PADRON",2027,10,1004287.67,2136,2.05e+09
"PADRON",2027,10,1004287.67,2137,2.05e+09
"PADRON",2027,10,1004287.67,2138,2.05e+09
"PADRON",2027,10,1004287.67,2139,2.05e+09
"PADRON",2027,10,1004287.67,2140,2.05e+09
"PADRON",2027,10,1004287.67,2141,2.05e+09
"PADRON",2027,10,1004287.67,2142,2.05e+09
"PADRON",2027,10,1004287.67,2143,2.05e+09
"PADRON",2027,10,1004287.67,2144,2.05e+09
"PADRON",2027,10,1004287.67,2145,2.05e+09
"PADRON",2027,10,1004287.67,2146,2.05e+09
"PADRON",2027,10,1004287.67,2147,2.05e+09
"PADRON",2027,10,1004287.67,2148,2.05e+09
"PADRON",2027,10,1004287.67,2149,2.05e+09
"PADRON",2027,10,1004287.67,2150,2.05e+09
"PADRON",2027,10,1004287.67,2151,2.05e+09
"PADRON",2027,10,1004287.67,2152,2.05e+09
"PADRON",2027,10,1004287.67,2153,2.05e+09
"PADRON",2027,10,1004287.67,2154,2.05e+09
"PADRON",2027,10,1004287.67,2155,2.05e+09
"PADRON",2027,10,1004287.67,2156,2.05e+09
"PADRON",2027,10,1004287.67,2157,2.05e+09
"PADRON",2027,10,1004287.67,2158,2.05e+09
"PADRON",2027,10,1004287.67,2159,2.05e+09
"PADRON",2027,10,1004287.67,2160,2.05e+09
"PADRON",2027,10,1004287.67,2161,2.05e+09
"PADRON",2027,10,1004287.67,2162,2.05e+09
"PADRON",2027,10,1004287.67,2163,2.05e+09
"PADRON",2027,10,1004287.67,2164,2.05e+09
"PADRON",2027,10,1004287.67,2165,2.05e+09
"PADRON",2027,10,1004287.67,2166,2.05e+09
"PADRON",2027,10,1004287.67,2167,2.05e+09
"PADRON",2027,10,1004287.67,2168,2.05e+09
"PADRON",2027,10,1004287.67,2169,2.05e+09
"PADRON",2027,10,1004287.67,2170,2.05e+09
"PADRON",2027,10,1004287.67,2171,2.05e+09
"PADRON",2027,10,1004287.67,2172,2.05e+09
"PADRON",2027,10,1004287.67,2173,2.05e+09
"PADRON",2027,10,1004287.67,2174,2.05e+09
"PADRON",2027,10,1004287.67,2175,2.05e+09
"PADRON",2027,10,1004287.67,2176,2.05e+09
"PADRON",2027,10,1004287.67,2177,2.05e+09
"PADRON",2027,10,1004287.67,2178,2.05e+09
"PADRON",2027,10,1004287.67,2179,2.05e+09
"PADRON",2027,10,1004287.67,2180,2.05e+09
"PADRON",2027,10,1004287.67,2181,2.05e+09
"PADRON",2027,10,1004287.67,2182,2.05e+09
"PADRON",2027,10,1004287.67,2183,2.05e+09
"PADRON",2027,10,1004287.67,2184,2.05e+09
"PADRON",2027,10,1004287.67,2185,2.05e+09
"PADRON",2027,10,1004287.67,2186,2.05e+09
"PADRON",2027,10,1004287.67,2187,2.05e+09
"PADRON",2027,10,1004287.67,2188,2.05e+09
"PADRON",2027,10,1004287.67,2189,2.05e+09
"PADRON",2027,10,1004287.67,2190,2.05e+09
"PADRON",2027,10,1004287.67,2191,2.05e+09
"PADRON",2027,10,1004287.67,2192,2.05e+09
"PADRON",2027,10,1004287.67,2193,2.05e+09
"PADRON",2027,10,1004287.67,2194,2.05e+09
"PADRON",2027,10,1004287.67,2195,2.05e+09
"PADRON",2027,10,1004287.67,2196,2.05e+09
"PADRON",2027,10,1004287.67,2197,2.05e+09
"PADRON",2027,10,1004287.67,2198,2.05e+09
"PADRON",2027,10,1004287.67,2199,2.05e+09
"PADRON",2027,10,1004287.67,2200,2.05e+09
"PADRON",2027,10,1004287.67,2201,2.05e+09
"PADRON",2027,10,1004287.67,2202,2.05e+09
"PADRON",2027,10,1004287.67,2203,2.05e+09
"PADRON",2027,10,1004287.67,2204,2.05e+09
"PADRON",2027,10,1004287.67,2205,2.05e+09
"PADRON",2027,10,1004287.67,2206,2.05e+09
"PADRON",2027,10,1004287.67,2207,2.05e+09
"PADRON",2027,10,1004287.67,2208,2.05e+09
"PADRON",2027,10,1004287.67,2209,2.05e+09
"PADRON",2027,10,1004287.67,2210,2.05e+09
"PADRON",2027,10,1004287.67,2211,2.05e+09
"PADRON",2027,10,1004287.67,2212,2.05e+09
"PADRON",2027,10,1004287.67,2213,2.05e+09
"PADRON",2027,10,1004287.67,2214,2.05e+09
"PADRON",2027,10,1004287.67,2215,2.05e+09
"PADRON",2027,10,1004287.67,2216,2.05e+09
"PADRON",2027,10,1004287.67,2217,2.05e+09
"PADRON",2027,10,1004287.67,2218,2.05e+09
"PADRON",2027,10,1004287.67,2219,2.05e+09
"PADRON",2027,10,1004287.67,2220,2.05e+09
"PADRON",2027,10,1004287.67,2221,2.05e+09
"PADRON",2027,10,1004287.67,2222,2.05e+09
"PADRON",2027,10,1004287.67,2223,2.05e+09
"PADRON",2027,10,1004287.67,2224,2.05e+09
"PADRON",2027,10,1004287.67,2225,2.05e+09
"PADRON",2027,10,1004287.67,2226,2.05e+09
"PADRON",2027,10,1004287.67,2227,2.05e+09
"PADRON",2027,10,1004287.67,2228,2.05e+09
"PADRON",2027,10,1004287.67,2229,2.05e+09
"PADRON",2027,10,1004287.67,2230,2.05e+09
"PADRON",2027,10,1004287.67,2231,2.05e+09
"PADRON",2027,10,1004287.67,2232,2.05e+09
"PADRON",2027,10,1004287.67,2233,2.05e+09
"PADRON",2027,10,1004287.67,2234,2.05e+09
"PADRON",2027,10,1004287.67,2235,2.05e+09
"PADRON",2027,10,1004287.67,2236,2.05e+09
"PADRON",2027,10,1004287.67,2237,2.05e+09
"PADRON",2027,10,1004287.67,2238,2.05e+09
"PADRON",2027,10,1004287.67,2239,2.05e+09
"PADRON",2027,10,1004287.67,2240,2.05e+09
"PADRON",2027,10,1004287.67,2241,2.05e+09
"PADRON",2027,10,1004287.67,2242,2.05e+09
"PADRON",2027,10,1004287.67,2243,2.05e+09
"PADRON",2027,10,1004287.67,2244,2.05e+09
"PADRON",2027,10,1004287.67,2245,2.05e+09
"PADRON",2027,10,1004287.67,2246,2.05e+09
"PADRON",2027,10,1004287.67,2247,2.05e+09
"PADRON",2027,10,1004287.67,2248,2.05e+09
"PADRON",2027,10,1004287.67,2249,2.05e+09
"PADRON",2027,10,1004287.67,2250,2.05e+09
"PADRON",2027,10,1004287.67,2251,2.05e+09
"PADRON",2027,10,1004287.67,2252,2.05e+09
"PADRON",2027,10,1004287.67,2253,2.05e+09
"PADRON",2027,10,1004287.67,2254,2.05e+09
"PADRON",2027,10,1004287.67,2255,2.05e+09
"PADRON",2027,10,1004287.67,2256,2.05e+09
"PADRON",2027,10,1004287.67,2257,2.05e+09
"PADRON",2027,10,1004287.67,2258,2.05e+09
"PADRON",2027,10,1004287.67,2259,2.05e+09
"PADRON",2027,10,1004287.67,2260,2.05e+09
"PADRON",2027,10,1004287.67,2261,2.05e+09
"PADRON",2027,10,1004287.67,2262,2.05e+09
"PADRON",2027,10,1004287.67,2263,2.05e+09
"PADRON",2027,10,1004287.67,2264,2.05e+09
"PADRON",2027,10,1004287.67,2265,2.05e+09
"PADRON",2027,10,1004287.67,2266,2.05e+09
"PADRON",2027,10,1004287.67,2267,2.05e+09
"PADRON",2027,10,1004287.67,2268,2.05e+09
"PADRON",2027,10,1004287.67,2269,2.05e+09
"PADRON",2027,10,1004287.67,2270,2.05e+09
"PADRON",2027,10,1004287.67,2271,2.05e+09
"PADRON",2027,10,1004287.67,2272,2.05e+09
"PADRON",2027,10,1004287.67,2273,2.05e+09
"PADRON",2027,10,1004287.67,2274,2.05e+09
"PADRON",2027,10,1004287.67,2275,2.05e+09
"PADRON",2027,10,1004287.67,2276,2.05e+09
"PADRON",2027,10,1004287.67,2277,2.05e+09
"PADRON",2027,10,1004287.67,2278,2.05e+09
"PADRON",2027,10,1004287.67,2279,2.05e+09
"PADRON",2027,9,1004287.67,2280,2.05e+09
"PADRON",2027,9,1004287.67,2281,2.05e+09
"PADRON",2027,9,1004287.67,2282,2.05e+09
"PADRON",2027,9,1004287.67,2283,2.05e+09
"PADRON",2027,9,1004287.67,2284,2.05e+09
"PADRON",2027,9,1004287.67,2285,2.05e+09
"PADRON",2027,9,1004287.67,2286,2.05e+09
"PADRON",2027,9,1004287.67,2287,2.05e+09
"PADRON",2027,9,1004287.67,2288,2.05e+09
"PADRON",2027,9,1004287.67,2289,2.05e+09
"PADRON",2027,9,1004287.67,2290,2.05e+09
"PADRON",2027,9,1004287.67,2291,2.05e+09
"PADRON",2027,9,1004287.67,2292,2.05e+09
"PADRON",2027,9,1004287.67,2293,2.05e+09
"PADRON",2027,9,1004287.67,2294,2.05e+09
"PADRON",2027,9,1004287.67,2295,2.05e+09
"PADRON",2027,9,1004287.67,2296,2.05e+09
"PADRON",2027,9,1004287.67,2297,2.05e+09
"PADRON",2027,9,1004287.67,2298,2.05e+09
"PADRON",2027,9,1004287.67,2299,2.05e+09
"PADRON",2027,9,1004287.67,2300,2.05e+09
"PADRON",2027,9,1004287.67,2301,2.05e+09
"PADRON",2027,9,1004287.67,2302,2.05e+09
"PADRON",2027,9,1004287.67,2303,2.05e+09
"PADRON",2027,9,1004287.67,2304,2.05e+09
"PADRON",2027,9,1004287.67,2305,2.05e+09
"PADRON",2027,9,1004287.67,2306,2.05e+09
"PADRON",2027,9,1004287.67,2307,2.05e+09
"PADRON",2027,9,1004287.67,2308,2.05e+09
"PADRON",2027,9,1004287.67,2309,2.05e+09
"PADRON",2027,9,1004287.67,2310,2.05e+09
"PADRON",2027,9,1004287.67,2311,2.05e+09
"PADRON",2027,9,1004287.67,2312,2.05e+09
"PADRON",2027,9,1004287.67,2313,2.05e+09
"PADRON",2027,9,1004287.67,2314,2.05e+09
"PADRON",2027,9,1004287.67,2315,2.05e+09
"PADRON",2027,9,1004287.67,2316,2.05e+09
"PADRON",2027,9,1004287.67,2317,2.05e+09
"PADRON",2027,9,1004287.67,2318,2.05e+09
"PADRON",2027,9,1004287.67,2319,2.05e+09
"PADRON",2027,9,1004287.67,2320,2.05e+09
"PADRON",2027,9,1004287.67,2321,2.05e+09
"PADRON",2027,9,1004287.67,2322,2.05e+09
"PADRON",2027,8,1004287.67,2323,2.05e+09
"PADRON",2027,8,1004287.67,2324,2.05e+09
"PADRON",2027,8,1004287.67,2325,2.05e+09
"PADRON",2027,8,1004287.67,2326,2.05e+09
"PADRON",2027,8,1004287.67,2327,2.05e+09
"PADRON",2027,8,1004287.67,2328,2.05e+09
"PADRON",2027,8,1004287.67,2329,2.05e+09
"PADRON",2027,8,1004287.67,2330,2.05e+09
"PADRON",2027,8,1004287.67,2331,2.05e+09
"PADRON",2027,8,1004287.67,2332,2.05e+09
"PADRON",2027,8,1004287.67,2333,2.05e+09
"PADRON",2027,8,1004287.67,2334,2.05e+09
"PADRON",2027,8,1004287.67,2335,2.05e+09
"PADRON",2027,8,1004287.67,2336,2.05e+09
"PADRON",2027,8,1004287.67,2337,2.05e+09
"PADRON",2027,8,1004287.67,2338,2.05e+09
"PADRON",2027,8,1004287.67,2339,2.05e+09
"PADRON",2027,8,1004287.67,2340,2.05e+09
"PADRON",2027,8,1004287.67,2341,2.05e+09
"PADRON",2027,8,1004287.67,2342,2.05e+09
"PADRON",2027,8,1004287.67,2343,2.05e+09
"PADRON",2027,8,1004287.67,2344,2.05e+09
"PADRON",2027,8,1004287.67,2345,2.05e+09
"PADRON",2027,8,1004287.67,2346,2.05e+09
"PADRON",2027,8,1004287.67,2347,2.05e+09
"PADRON",2027,8,1004287.67,2348,2.05e+09
"PADRON",2027,8,1004287.67,2349,2.05e+09
"PADRON",2027,8,1004287.67,2350,2.05e+09
"PADRON",2027,8,1004287.67,2351,2.05e+09
"PADRON",2027,8,1004287.67,2352,2.05e+09
"PADRON",2028,8,1004287.67,2353,2.05e+09
"PADRON",2028,7,1004287.67,2354,2.05e+09
"PADRON",2028,7,1004287.67,2355,2.05e+09
"PADRON",2028,7,1004287.67,2356,2.05e+09
"PADRON",2028,7,1004287.67,2357,2.05e+09
"PADRON",2028,7,1004287.67,2358,2.05e+09
"PADRON",2028,6,1004287.67,2359,2.05e+09
"PADRON",2028,6,1004287.67,2360,2.05e+09
"PADRON",2028,6,1004287.67,2361,2.05e+09
"PADRON",2028,6,1004287.67,2362,2.05e+09
"PADRON",2028,6,1004287.67,2363,2.05e+09
"PADRON",2028,6,1004287.67,2364,2.05e+09
"PADRON",2028,6,1004287.67,2365,2.05e+09
"PADRON",2028,6,1004287.67,2366,2.05e+09
"PADRON",2028,6,1004287.67,2367,2.05e+09
"PADRON",2028,6,1004287.67,2368,2.05e+09
"PADRON",2028,6,1004287.67,2369,2.05e+09
"PADRON",2028,6,1004287.67,2370,2.05e+09
"PADRON",2028,6,1004287.67,2371,2.05e+09
"PADRON",2028,6,1004287.67,2372,2.05e+09
"PADRON",2028,6,1004287.67,2373,2.05e+09
"PADRON",2028,6,1004287.67,2374,2.05e+09
"PADRON",2028,6,1004287.67,2375,2.05e+09
"PADRON",2028,6,1004287.67,2376,2.05e+09
"PADRON",2028,6,1004287.67,2377,2.05e+09
"PADRON",2028,6,1004287.67,2378,2.05e+09
"PADRON",2028,6,1004287.67,2379,2.05e+09
"PADRON",2028,6,1004287.67,2380,2.05e+09
"PADRON",2028,6,1004287.67,2381,2.05e+09
"PADRON",2028,6,1004287.67,2382,2.05e+09
"PADRON",2028,6,1004287.67,2383,2.05e+09
"PADRON",2028,6,1004287.67,2384,2.05e+09
"PADRON",2028,6,1004287.67,2385,2.05e+09
"PADRON",2028,6,1004287.67,2386,2.05e+09
"PADRON",2028,6,1004287.67,2387,2.05e+09
"PADRON",2028,6,1004287.67,2388,2.05e+09
"PADRON",2028,6,1004287.67,2389,2.05e+09
"PADRON",2028,6,1004287.67,2390,2.05e+09
"PADRON",2028,6,1004287.67,2391,2.05e+09
"PADRON",2028,6,1004287.67,2392,2.05e+09
"PADRON",2028,6,1004287.67,2393,2.05e+09
"PADRON",2028,6,1004287.67,2394,2.05e+09
"PADRON",2028,6,1004287.67,2395,2.05e+09
"PADRON",2028,6,1004287.67,2396,2.05e+09
"PADRON",2028,6,1004287.67,2397,2.05e+09
"PADRON",2028,6,1004287.67,2398,2.05e+09
"PADRON",2028,6,1004287.67,2399,2.05e+09
"PADRON",2028,6,1004287.67,2400,2.05e+09
"PADRON",2028,6,1004287.67,2401,2.05e+09
"PADRON",2028,6,1004287.67,2402,2.05e+09
"PADRON",2028,6,1004287.67,2403,2.05e+09
"PADRON",2028,6,1004287.67,2404,2.05e+09
"PADRON",2028,5,1004287.67,2405,2.05e+09
"PADRON",2028,5,1004287.67,2406,2.05e+09
"PADRON",2028,5,1004287.67,2407,2.05e+09
"PADRON",2028,5,1004287.67,2408,2.05e+09
"PADRON",2028,5,1004287.67,2409,2.05e+09
"PADRON",2028,5,1004287.67,2410,2.05e+09
"PADRON",2028,5,1004287.67,2411,2.05e+09
"PADRON",2028,5,1004287.67,2412,2.05e+09
"PADRON",2028,5,1004287.67,2413,2.05e+09
"PADRON",2028,5,1004287.67,2414,2.05e+09
"PADRON",2028,5,1004287.67,2415,2.05e+09
"PADRON",2028,5,1004287.67,2416,2.05e+09
"PADRON",2028,5,1004287.67,2417,2.05e+09
"PADRON",2028,4,1004287.67,2418,2.05e+09
"PADRON",2028,4,1004287.67,2419,2.05e+09
"PADRON",2028,4,1004287.67,2420,2.05e+09
"PADRON",2028,4,1004287.67,2421,2.05e+09
"PADRON",2028,4,1004287.67,2422,2.05e+09
"PADRON",2028,4,1004287.67,2423,2.05e+09
"PADRON",2028,4,1004287.67,2424,2.05e+09
"PADRON",2028,4,1004287.67,2425,2.05e+09
"PADRON",2028,4,1004287.67,2426,2.05e+09
"PADRON",2028,4,1004287.67,2427,2.05e+09
"PADRON",2028,4,1004287.67,2428,2.05e+09
"PADRON",2028,4,1004287.67,2429,2.05e+09
"PADRON",2028,4,1004287.67,2430,2.05e+09
"PADRON",2028,4,1004287.67,2431,2.05e+09
"PADRON",2028,4,1004287.67,2432,2.05e+09
"PADRON",2028,4,1004287.67,2433,2.05e+09
"PADRON",2028,4,1004287.67,2434,2.05e+09
"PADRON",2028,4,1004287.67,2435,2.05e+09
"PADRON",2028,4,1004287.67,2436,2.05e+09
"PADRON",2028,4,1004287.67,2437,2.05e+09
"PADRON",2028,4,1004287.67,2438,2.05e+09
"PADRON",2028,4,1004287.67,2439,2.05e+09
"PADRON",2028,4,1004287.67,2440,2.05e+09
"PADRON",2028,4,1004287.67,2441,2.05e+09
"PADRON",2028,4,1004287.67,2442,2.05e+09
"PADRON",2028,4,1004287.67,2443,2.05e+09
"PADRON",2028,4,1004287.67,2444,2.05e+09
"PADRON",2028,4,1004287.67,2445,2.05e+09
"PADRON",2028,4,1004287.67,2446,2.05e+09
"PADRON",2028,4,1004287.67,2447,2.05e+09
"PADRON",2028,4,1004287.67,2448,2.05e+09
"PADRON",2028,4,1004287.67,2449,2.05e+09
"PADRON",2028,4,1004287.67,2450,2.05e+09
"PADRON",2028,4,1004287.67,2451,2.05e+09
"PADRON",2028,4,1004287.67,2452,2.05e+09
"PADRON",2028,4,1004287.67,2453,2.05e+09
"PADRON",2028,4,1004287.67,2454,2.05e+09
"PADRON",2028,4,1004287.67,2455,2.05e+09
"PADRON",2028,4,1004287.67,2456,2.05e+09
"PADRON",2028,4,1004287.67,2457,2.05e+09
"PADRON",2028,4,1004287.67,2458,2.05e+09
"PADRON",2028,4,1004287.67,2459,2.05e+09
"PADRON",2028,4,1004287.67,2460,2.05e+09
"PADRON",2028,4,1004287.67,2461,2.05e+09
"PADRON",2028,4,1004287.67,2462,2.05e+09
"PADRON",2028,4,1004287.67,2463,2.05e+09
"PADRON",2028,4,1004287.67,2464,2.05e+09
"PADRON",2028,4,1004287.67,2465,2.05e+09
"PADRON",2028,4,1004287.67,2466,2.05e+09
"PADRON",2028,4,1004287.67,2467,2.05e+09
"PADRON",2028,3,1004287.67,2468,2.05e+09
"PADRON",2028,3,1004287.67,2469,2.05e+09
"PADRON",2028,3,1004287.67,2470,2.05e+09
"PADRON",2028,3,1004287.67,2471,2.05e+09
"PADRON",2028,3,1004287.67,2472,2.05e+09
"PADRON",2028,3,1004287.67,2473,2.05e+09
"PADRON",2028,3,1004287.67,2474,2.05e+09
"PADRON",2028,3,1004287.67,2475,2.05e+09
"PADRON",2028,3,1004287.67,2476,2.05e+09
"PADRON",2028,3,1004287.67,2477,2.05e+09
"PADRON",2028,3,1004287.67,2478,2.05e+09
"PADRON",2028,3,1004287.67,2479,2.05e+09
"PADRON",2028,3,1004287.67,2480,2.05e+09
"PADRON",2028,3,1004287.67,2481,2.05e+09
"PADRON",2028,3,1004287.67,2482,2.05e+09
"PADRON",2028,2,1004287.67,2483,2.05e+09
"PADRON",2028,2,1004287.67,2484,2.05e+09
"PADRON",2028,2,1004287.67,2485,2.05e+09
"PADRON",2028,2,1004287.67,2486,2.05e+09
"PADRON",2028,2,1004287.67,2487,2.05e+09
"PADRON",2028,2,1004287.67,2488,2.05e+09
"PADRON",2028,2,1004287.67,2489,2.05e+09
"PADRON",2028,2,1004287.67,2490,2.05e+09
"PADRON",2028,2,1004287.67,2491,2.05e+09
"PADRON",2028,2,1004287.67,2492,2.05e+09
"PADRON",2028,2,1004287.67,2493,2.05e+09
"PADRON",2028,2,1004287.67,2494,2.05e+09
"PADRON",2028,2,1004287.67,2495,2.05e+09
"PADRON",2028,1,1004287.67,2496,2.05e+09
"PADRON",2028,1,1004287.67,2497,2.05e+09
"PADRON",2028,1,1004287.67,2498,2.05e+09
"PADRON",2028,1,1004287.67,2499,2.05e+09
"PADRON",2028,1,1004287.67,2500,2.05e+09
"PADRON",2028,1,1004287.67,2501,2.05e+09
"PADRON",2028,1,1004287.67,2502,2.05e+09
"PADRON",2028,1,1004287.67,2503,2.05e+09
"PADRON",2028,19,1004287.67,717,2.05e+09
"PADRON",2028,18,1004287.67,718,2.05e+09
"PADRON",2028,18,1004287.67,719,2.05e+09
"PADRON",2028,18,1004287.67,720,2.05e+09
"PADRON",2028,18,1004287.67,721,2.05e+09
"PADRON",2028,18,1004287.67,722,2.05e+09
"PADRON",2028,18,1004287.67,723,2.05e+09
"PADRON",2028,18,1004287.67,724,2.05e+09
"PADRON",2028,18,1004287.67,725,2.05e+09
"PADRON",2028,18,1004287.67,726,2.05e+09
"PADRON",2028,18,1004287.67,727,2.05e+09
"PADRON",2028,18,1004287.67,728,2.05e+09
"PADRON",2028,18,1004287.67,729,2.05e+09
"PADRON",2028,18,1004287.67,730,2.05e+09
"PADRON",2028,18,1004287.67,731,2.05e+09
"PADRON",2028,18,1004287.67,732,2.05e+09
"PADRON",2028,18,1004287.67,733,2.05e+09
"PADRON",2028,18,1004287.67,734,2.05e+09
"PADRON",2028,18,1004287.67,735,2.05e+09
"PADRON",2028,17,1004287.67,736,2.05e+09
"PADRON",2028,17,1004287.67,737,2.05e+09
"PADRON",2028,17,1004287.67,738,2.05e+09
"PADRON",2028,17,1004287.67,739,2.05e+09
"PADRON",2028,17,1004287.67,740,2.05e+09
"PADRON",2028,17,1004287.67,741,2.05e+09
"PADRON",2028,17,1004287.67,742,2.05e+09
"PADRON",2028,17,1004287.67,743,2.05e+09
"PADRON",2028,17,1004287.67,744,2.05e+09
"PADRON",2028,17,1004287.67,745,2.05e+09
"PADRON",2028,17,1004287.67,746,2.05e+09
"PADRON",2028,17,1004287.67,747,2.05e+09
"PADRON",2028,17,1004287.67,748,2.05e+09
"PADRON",2028,17,1004287.67,749,2.05e+09
"PADRON",2028,17,1004287.67,750,2.05e+09
"PADRON",2028,17,1004287.67,751,2.05e+09
"PADRON",2028,17,1004287.67,752,2.05e+09
"PADRON",2028,17,1004287.67,753,2.05e+09
"PADRON",2028,17,1004287.67,754,2.05e+09
"PADRON",2028,17,1004287.67,755,2.05e+09
"PADRON",2028,17,1004287.67,756,2.05e+09
"PADRON",2028,17,1004287.67,757,2.05e+09
"PADRON",2028,17,1004287.67,758,2.05e+09
"PADRON",2028,17,1004287.67,759,2.05e+09
"PADRON",2028,17,1004287.67,760,2.05e+09
"PADRON",2028,17,1004287.67,761,2.05e+09
"PADRON",2028,17,1004287.67,762,2.05e+09
"PADRON",2028,17,1004287.67,763,2.05e+09
"PADRON",2028,17,1004287.67,764,2.05e+09
"PADRON",2028,17,1004287.67,765,2.05e+09
"PADRON",2028,17,1004287.67,766,2.05e+09
"PADRON",2028,17,1004287.67,767,2.05e+09
"PADRON",2028,17,1004287.67,768,2.05e+09
"PADRON",2028,17,1004287.67,769,2.05e+09
"PADRON",2028,17,1004287.67,770,2.05e+09
"PADRON",2028,17,1004287.67,771,2.05e+09
"PADRON",2028,17,1004287.67,772,2.05e+09
"PADRON",2028,17,1004287.67,773,2.05e+09
"PADRON",2028,17,1004287.67,774,2.05e+09
"PADRON",2028,17,1004287.67,775,2.05e+09
"PADRON",2028,17,1004287.67,776,2.05e+09
"PADRON",2028,17,1004287.67,777,2.05e+09
"PADRON",2028,17,1004287.67,778,2.05e+09
"PADRON",2028,17,1004287.67,779,2.05e+09
"PADRON",2028,17,1004287.67,780,2.05e+09
"PADRON",2028,17,1004287.67,781,2.05e+09
"PADRON",2028,17,1004287.67,782,2.05e+09
"PADRON",2028,17,1004287.67,783,2.05e+09
"PADRON",2028,17,1004287.67,784,2.05e+09
"PADRON",2028,17,1004287.67,785,2.05e+09
"PADRON",2028,17,1004287.67,786,2.05e+09
"PADRON",2028,17,1004287.67,787,2.05e+09
"PADRON",2028,17,1004287.67,788,2.05e+09
"PADRON",2028,17,1004287.67,789,2.05e+09
"PADRON",2028,17,1004287.67,790,2.05e+09
"PADRON",2028,17,1004287.67,791,2.05e+09
"PADRON",2028,17,1004287.67,792,2.05e+09
"PADRON",2028,17,1004287.67,793,2.05e+09
"PADRON",2028,17,1004287.67,794,2.05e+09
"PADRON",2028,17,1004287.67,795,2.05e+09
"PADRON",2028,17,1004287.67,796,2.05e+09
"PADRON",2028,17,1004287.67,797,2.05e+09
"PADRON",2028,17,1004287.67,798,2.05e+09
"PADRON",2028,17,1004287.67,799,2.05e+09
"PADRON",2028,17,1004287.67,800,2.05e+09
"PADRON",2028,17,1004287.67,801,2.05e+09
"PADRON",2028,17,1004287.67,802,2.05e+09
"PADRON",2028,17,1004287.67,803,2.05e+09
"PADRON",2028,17,1004287.67,804,2.05e+09
"PADRON",2028,17,1004287.67,805,2.05e+09
"PADRON",2028,17,1004287.67,806,2.05e+09
"PADRON",2028,17,1004287.67,807,2.05e+09
"PADRON",2028,17,1004287.67,808,2.05e+09
"PADRON",2028,17,1004287.67,809,2.05e+09
"PADRON",2028,17,1004287.67,810,2.05e+09
"PADRON",2028,17,1004287.67,811,2.05e+09
"PADRON",2028,17,1004287.67,812,2.05e+09
"PADRON",2028,17,1004287.67,813,2.05e+09
"PADRON",2028,17,1004287.67,814,2.05e+09
"PADRON",2028,17,1004287.67,815,2.05e+09
"PADRON",2028,17,1004287.67,816,2.05e+09
"PADRON",2028,17,1004287.67,817,2.05e+09
"PADRON",2028,17,1004287.67,818,2.05e+09
"PADRON",2028,17,1004287.67,819,2.05e+09
"PADRON",2028,17,1004287.67,820,2.05e+09
"PADRON",2028,17,1004287.67,821,2.05e+09
"PADRON",2028,17,1004287.67,822,2.05e+09
"PADRON",2028,17,1004287.67,823,2.05e+09
"PADRON",2028,17,1004287.67,824,2.05e+09
"PADRON",2028,17,1004287.67,825,2.05e+09
"PADRON",2028,17,1004287.67,826,2.05e+09
"PADRON",2028,17,1004287.67,827,2.05e+09
"PADRON",2028,17,1004287.67,828,2.05e+09
"PADRON",2028,17,1004287.67,829,2.05e+09
"PADRON",2028,17,1004287.67,830,2.05e+09
"PADRON",2028,17,1004287.67,831,2.05e+09
"PADRON",2028,17,1004287.67,832,2.05e+09
"PADRON",2028,17,1004287.67,833,2.05e+09
"PADRON",2028,17,1004287.67,834,2.05e+09
"PADRON",2028,17,1004287.67,835,2.05e+09
"PADRON",2028,17,1004287.67,836,2.05e+09
"PADRON",2028,17,1004287.67,837,2.05e+09
"PADRON",2028,17,1004287.67,838,2.05e+09
"PADRON",2028,17,1004287.67,839,2.05e+09
"PADRON",2028,17,1004287.67,840,2.05e+09
"PADRON",2028,17,1004287.67,841,2.05e+09
"PADRON",2028,17,1004287.67,842,2.05e+09
"PADRON",2028,17,1004287.67,843,2.05e+09
"PADRON",2028,17,1004287.67,844,2.05e+09
"PADRON",2028,17,1004287.67,845,2.05e+09
"PADRON",2028,17,1004287.67,846,2.05e+09
"PADRON",2028,16,1004287.67,847,2.05e+09
"PADRON",2028,16,1004287.67,848,2.05e+09
"PADRON",2028,16,1004287.67,849,2.05e+09
"PADRON",2028,16,1004287.67,850,2.05e+09
"PADRON",2028,16,1004287.67,851,2.05e+09
"PADRON",2028,16,1004287.67,852,2.05e+09
"PADRON",2028,16,1004287.67,853,2.05e+09
"PADRON",2028,16,1004287.67,854,2.05e+09
"PADRON",2028,16,1004287.67,855,2.05e+09
"PADRON",2028,16,1004287.67,856,2.05e+09
"PADRON",2028,16,1004287.67,857,2.05e+09
"PADRON",2028,16,1004287.67,858,2.05e+09
"PADRON",2028,16,1004287.67,859,2.05e+09
"PADRON",2028,16,1004287.67,860,2.05e+09
"PADRON",2028,16,1004287.67,861,2.05e+09
"PADRON",2028,16,1004287.67,862,2.05e+09
"PADRON",2028,16,1004287.67,863,2.05e+09
"PADRON",2028,16,1004287.67,864,2.05e+09
"PADRON",2028,16,1004287.67,865,2.05e+09
"PADRON",2028,16,1004287.67,866,2.05e+09
"PADRON",2028,16,1004287.67,867,2.05e+09
"PADRON",2028,16,1004287.67,868,2.05e+09
"PADRON",2028,16,1004287.67,869,2.05e+09
"PADRON",2028,16,1004287.67,870,2.05e+09
"PADRON",2028,16,1004287.67,871,2.05e+09
"PADRON",2028,16,1004287.67,872,2.05e+09
"PADRON",2028,16,1004287.67,873,2.05e+09
"PADRON",2028,16,1004287.67,874,2.05e+09
"PADRON",2028,16,1004287.67,875,2.05e+09
"PADRON",2028,16,1004287.67,876,2.05e+09
"PADRON",2028,16,1004287.67,877,2.05e+09
"PADRON",2028,16,1004287.67,878,2.05e+09
"PADRON",2028,16,1004287.67,879,2.05e+09
"PADRON",2028,16,1004287.67,880,2.05e+09
"PADRON",2028,16,1004287.67,881,2.05e+09
"PADRON",2028,16,1004287.67,882,2.05e+09
"PADRON",2028,16,1004287.67,883,2.05e+09
"PADRON",2028,16,1004287.67,884,2.05e+09
"PADRON",2028,16,1004287.67,885,2.05e+09
"PADRON",2028,16,1004287.67,886,2.05e+09
"PADRON",2028,16,1004287.67,887,2.05e+09
"PADRON",2028,16,1004287.67,888,2.05e+09
"PADRON",2028,16,1004287.67,889,2.05e+09
"PADRON",2028,16,1004287.67,890,2.05e+09
"PADRON",2028,16,1004287.67,891,2.05e+09
"PADRON",2028,16,1004287.67,892,2.05e+09
"PADRON",2028,16,1004287.67,893,2.05e+09
"PADRON",2028,16,1004287.67,894,2.05e+09
"PADRON",2028,16,1004287.67,895,2.05e+09
"PADRON",2028,16,1004287.67,896,2.05e+09
"PADRON",2028,16,1004287.67,897,2.05e+09
"PADRON",2028,16,1004287.67,898,2.05e+09
"PADRON",2028,16,1004287.67,899,2.05e+09
"PADRON",2028,16,1004287.67,900,2.05e+09
"PADRON",2028,16,1004287.67,901,2.05e+09
"PADRON",2028,16,1004287.67,902,2.05e+09
"PADRON",2028,16,1004287.67,903,2.05e+09
"PADRON",2028,16,1004287.67,904,2.05e+09
"PADRON",2028,16,1004287.67,905,2.05e+09
"PADRON",2028,16,1004287.67,906,2.05e+09
"PADRON",2028,16,1004287.67,907,2.05e+09
"PADRON",2028,16,1004287.67,908,2.05e+09
"PADRON",2028,16,1004287.67,909,2.05e+09
"PADRON",2028,16,1004287.67,910,2.05e+09
"PADRON",2028,16,1004287.67,911,2.05e+09
"PADRON",2028,16,1004287.67,912,2.05e+09
"PADRON",2028,16,1004287.67,913,2.05e+09
"PADRON",2028,16,1004287.67,914,2.05e+09
"PADRON",2028,16,1004287.67,915,2.05e+09
"PADRON",2028,16,1004287.67,916,2.05e+09
"PADRON",2028,16,1004287.67,917,2.05e+09
"PADRON",2028,16,1004287.67,918,2.05e+09
"PADRON",2028,16,1004287.67,919,2.05e+09
"PADRON",2028,16,1004287.67,920,2.05e+09
"PADRON",2028,16,1004287.67,921,2.05e+09
"PADRON",2028,16,1004287.67,922,2.05e+09
"PADRON",2028,16,1004287.67,923,2.05e+09
"PADRON",2028,16,1004287.67,924,2.05e+09
"PADRON",2028,16,1004287.67,925,2.05e+09
"PADRON",2028,16,1004287.67,926,2.05e+09
"PADRON",2028,16,1004287.67,927,2.05e+09
"PADRON",2028,16,1004287.67,928,2.05e+09
"PADRON",2028,16,1004287.67,929,2.05e+09
"PADRON",2028,16,1004287.67,930,2.05e+09
"PADRON",2028,16,1004287.67,931,2.05e+09
"PADRON",2028,16,1004287.67,932,2.05e+09
"PADRON",2028,16,1004287.67,933,2.05e+09
"PADRON",2028,16,1004287.67,934,2.05e+09
"PADRON",2028,16,1004287.67,935,2.05e+09
"PADRON",2028,16,1004287.67,936,2.05e+09
"PADRON",2028,16,1004287.67,937,2.05e+09
"PADRON",2028,16,1004287.67,938,2.05e+09
"PADRON",2028,16,1004287.67,939,2.05e+09
"PADRON",2028,16,1004287.67,940,2.05e+09
"PADRON",2028,16,1004287.67,941,2.05e+09
"PADRON",2028,16,1004287.67,942,2.05e+09
"PADRON",2028,16,1004287.67,943,2.05e+09
"PADRON",2028,16,1004287.67,944,2.05e+09
"PADRON",2028,16,1004287.67,945,2.05e+09
"PADRON",2028,16,1004287.67,946,2.05e+09
"PADRON",2028,16,1004287.67,947,2.05e+09
"PADRON",2028,16,1004287.67,948,2.05e+09
"PADRON",2028,16,1004287.67,949,2.05e+09
"PADRON",2028,16,1004287.67,950,2.05e+09
"PADRON",2028,16,1004287.67,951,2.05e+09
"PADRON",2028,16,1004287.67,952,2.05e+09
"PADRON",2028,16,1004287.67,953,2.05e+09
"PADRON",2028,16,1004287.67,954,2.05e+09
"PADRON",2028,16,1004287.67,955,2.05e+09
"PADRON",2028,16,1004287.67,956,2.05e+09
"PADRON",2028,16,1004287.67,957,2.05e+09
"PADRON",2028,16,1004287.67,958,2.05e+09
"PADRON",2028,16,1004287.67,959,2.05e+09
"PADRON",2028,16,1004287.67,960,2.05e+09
"PADRON",2028,16,1004287.67,961,2.05e+09
"PADRON",2028,16,1004287.67,962,2.05e+09
"PADRON",2028,16,1004287.67,963,2.05e+09
"PADRON",2028,16,1004287.67,964,2.05e+09
"PADRON",2028,16,1004287.67,965,2.05e+09
"PADRON",2028,16,1004287.67,966,2.05e+09
"PADRON",2028,16,1004287.67,967,2.05e+09
"PADRON",2028,16,1004287.67,968,2.05e+09
"PADRON",2028,16,1004287.67,969,2.05e+09
"PADRON",2028,16,1004287.67,970,2.05e+09
"PADRON",2028,16,1004287.67,971,2.05e+09
"PADRON",2028,16,1004287.67,972,2.05e+09
"PADRON",2028,16,1004287.67,973,2.05e+09
"PADRON",2028,16,1004287.67,974,2.05e+09
"PADRON",2029,16,1004287.67,975,2.05e+09
"PADRON",2029,16,1004287.67,976,2.05e+09
"PADRON",2029,16,1004287.67,977,2.05e+09
"PADRON",2029,16,1004287.67,978,2.05e+09
"PADRON",2029,16,1004287.67,979,2.05e+09
"PADRON",2029,16,1004287.67,980,2.05e+09
"PADRON",2029,16,1004287.67,981,2.05e+09
"PADRON",2029,16,1004287.67,982,2.05e+09
"PADRON",2029,16,1004287.67,983,2.05e+09
"PADRON",2029,15,1004287.67,984,2.05e+09
"PADRON",2029,15,1004287.67,985,2.05e+09
"PADRON",2029,15,1004287.67,986,2.05e+09
"PADRON",2029,15,1004287.67,987,2.05e+09
"PADRON",2029,15,1004287.67,988,2.05e+09
"PADRON",2029,15,1004287.67,989,2.05e+09
"PADRON",2029,15,1004287.67,990,2.05e+09
"PADRON",2029,15,1004287.67,991,2.05e+09
"PADRON",2029,15,1004287.67,992,2.05e+09
"PADRON",2029,15,1004287.67,993,2.05e+09
"PADRON",2029,15,1004287.67,994,2.05e+09
"PADRON",2029,15,1004287.67,995,2.05e+09
"PADRON",2029,15,1004287.67,996,2.05e+09
"PADRON",2029,15,1004287.67,997,2.05e+09
"PADRON",2029,15,1004287.67,998,2.05e+09
"PADRON",2029,15,1004287.67,999,2.05e+09
"PADRON",2029,15,1004287.67,1000,2.05e+09
"PADRON",2029,15,1004287.67,1001,2.05e+09
"PADRON",2029,15,1004287.67,1002,2.05e+09
"PADRON",2029,15,1004287.67,1003,2.05e+09
"PADRON",2029,15,1004287.67,1004,2.05e+09
"PADRON",2029,15,1004287.67,1005,2.05e+09
"PADRON",2029,15,1004287.67,1006,2.05e+09
"PADRON",2029,15,1004287.67,1007,2.05e+09
"PADRON",2029,15,1004287.67,1008,2.05e+09
"PADRON",2029,15,1004287.67,1009,2.05e+09
"PADRON",2029,15,1004287.67,1010,2.05e+09
"PADRON",2029,15,1004287.67,1011,2.05e+09
"PADRON",2029,15,1004287.67,1012,2.05e+09
"PADRON",2029,15,1004287.67,1013,2.05e+09
"PADRON",2029,15,1004287.67,1014,2.05e+09
"PADRON",2029,15,1004287.67,1015,2.05e+09
"PADRON",2029,15,1004287.67,1016,2.05e+09
"PADRON",2029,15,1004287.67,1017,2.05e+09
"PADRON",2029,15,1004287.67,1018,2.05e+09
"PADRON",2029,15,1004287.67,1019,2.05e+09
"PADRON",2029,15,1004287.67,1020,2.05e+09
"PADRON",2029,15,1004287.67,1021,2.05e+09
"PADRON",2029,15,1004287.67,1022,2.05e+09
"PADRON",2029,15,1004287.67,1023,2.05e+09
"PADRON",2029,15,1004287.67,1024,2.05e+09
"PADRON",2029,15,1004287.67,1025,2.05e+09
"PADRON",2029,15,1004287.67,1026,2.05e+09
"PADRON",2029,15,1004287.67,1027,2.05e+09
"PADRON",2029,15,1004287.67,1028,2.05e+09
"PADRON",2029,15,1004287.67,1029,2.05e+09
"PADRON",2029,15,1004287.67,1030,2.05e+09
"PADRON",2029,15,1004287.67,1031,2.05e+09
"PADRON",2029,15,1004287.67,1032,2.05e+09
"PADRON",2029,15,1004287.67,1033,2.05e+09
"PADRON",2029,15,1004287.67,1034,2.05e+09
"PADRON",2029,15,1004287.67,1035,2.05e+09
"PADRON",2029,15,1004287.67,1036,2.05e+09
"PADRON",2029,15,1004287.67,1037,2.05e+09
"PADRON",2029,15,1004287.67,1038,2.05e+09
"PADRON",2029,15,1004287.67,1039,2.05e+09
"PADRON",2029,15,1004287.67,1040,2.05e+09
"PADRON",2029,15,1004287.67,1041,2.05e+09
"PADRON",2029,15,1004287.67,1042,2.05e+09
"PADRON",2029,15,1004287.67,1043,2.05e+09
"PADRON",2029,15,1004287.67,1044,2.05e+09
"PADRON",2029,15,1004287.67,1045,2.05e+09
"PADRON",2029,15,1004287.67,1046,2.05e+09
"PADRON",2029,15,1004287.67,1047,2.05e+09
"PADRON",2029,15,1004287.67,1048,2.05e+09
"PADRON",2029,15,1004287.67,1049,2.05e+09
"PADRON",2029,15,1004287.67,1050,2.05e+09
"PADRON",2029,15,1004287.67,1051,2.05e+09
"PADRON",2029,15,1004287.67,1052,2.05e+09
"PADRON",2029,15,1004287.67,1053,2.05e+09
"PADRON",2029,15,1004287.67,1054,2.05e+09
"PADRON",2029,15,1004287.67,1055,2.05e+09
"PADRON",2029,15,1004287.67,1056,2.05e+09
"PADRON",2029,15,1004287.67,1057,2.05e+09
"PADRON",2029,15,1004287.67,1058,2.05e+09
"PADRON",2029,15,1004287.67,1059,2.05e+09
"PADRON",2029,15,1004287.67,1060,2.05e+09
"PADRON",2029,15,1004287.67,1061,2.05e+09
"PADRON",2029,15,1004287.67,1062,2.05e+09
"PADRON",2029,15,1004287.67,1063,2.05e+09
"PADRON",2029,15,1004287.67,1064,2.05e+09
"PADRON",2029,15,1004287.67,1065,2.05e+09
"PADRON",2029,15,1004287.67,1066,2.05e+09
"PADRON",2029,15,1004287.67,1067,2.05e+09
"PADRON",2029,15,1004287.67,1068,2.05e+09
"PADRON",2029,15,1004287.67,1069,2.05e+09
"PADRON",2029,15,1004287.67,1070,2.05e+09
"PADRON",2029,15,1004287.67,1071,2.05e+09
"PADRON",2029,15,1004287.67,1072,2.05e+09
"PADRON",2029,15,1004287.67,1073,2.05e+09
"PADRON",2029,15,1004287.67,1074,2.05e+09
"PADRON",2029,15,1004287.67,1075,2.05e+09
"PADRON",2029,15,1004287.67,1076,2.05e+09
"PADRON",2029,15,1004287.67,1077,2.05e+09
"PADRON",2029,15,1004287.67,1078,2.05e+09
"PADRON",2029,15,1004287.67,1079,2.05e+09
"PADRON",2029,15,1004287.67,1080,2.05e+09
"PADRON",2029,15,1004287.67,1081,2.05e+09
"PADRON",2029,15,1004287.67,1082,2.05e+09
"PADRON",2029,15,1004287.67,1083,2.05e+09
"PADRON",2029,15,1004287.67,1084,2.05e+09
"PADRON",2029,15,1004287.67,1085,2.05e+09
"PADRON",2029,15,1004287.67,1086,2.05e+09
"PADRON",2029,15,1004287.67,1087,2.05e+09
"PADRON",2029,15,1004287.67,1088,2.05e+09
"PADRON",2029,15,1004287.67,1089,2.05e+09
"PADRON",2029,15,1004287.67,1090,2.05e+09
"PADRON",2029,15,1004287.67,1091,2.05e+09
"PADRON",2029,15,1004287.67,1092,2.05e+09
"PADRON",2029,15,1004287.67,1093,2.05e+09
"PADRON",2029,15,1004287.67,1094,2.05e+09
"PADRON",2029,15,1004287.67,1095,2.05e+09
"PADRON",2029,15,1004287.67,1096,2.05e+09
"PADRON",2029,15,1004287.67,1097,2.05e+09
"PADRON",2029,15,1004287.67,1098,2.05e+09
"PADRON",2029,15,1004287.67,1099,2.05e+09
"PADRON",2029,15,1004287.67,1100,2.05e+09
"PADRON",2029,15,1004287.67,1101,2.05e+09
"PADRON",2029,15,1004287.67,1102,2.05e+09
"PADRON",2029,15,1004287.67,1103,2.05e+09
"PADRON",2029,15,1004287.67,1104,2.05e+09
"PADRON",2029,15,1004287.67,1105,2.05e+09
"PADRON",2029,15,1004287.67,1106,2.05e+09
"PADRON",2029,15,1004287.67,1107,2.05e+09
"PADRON",2029,15,1004287.67,1108,2.05e+09
"PADRON",2029,15,1004287.67,1109,2.05e+09
"PADRON",2029,15,1004287.67,1110,2.05e+09
"PADRON",2029,15,1004287.67,1111,2.05e+09
"PADRON",2029,15,1004287.67,1112,2.05e+09
"PADRON",2029,15,1004287.67,1113,2.05e+09
"PADRON",2029,15,1004287.67,1114,2.05e+09
"PADRON",2029,15,1004287.67,1115,2.05e+09
"PADRON",2029,15,1004287.67,1116,2.05e+09
"PADRON",2029,15,1004287.67,1117,2.05e+09
"PADRON",2029,15,1004287.67,1118,2.05e+09
"PADRON",2029,15,1004287.67,1119,2.05e+09
"PADRON",2029,15,1004287.67,1120,2.05e+09
"PADRON",2029,15,1004287.67,1121,2.05e+09
"PADRON",2029,15,1004287.67,1122,2.05e+09
"PADRON",2029,15,1004287.67,1123,2.05e+09
"PADRON",2029,15,1004287.67,1124,2.05e+09
"PADRON",2029,15,1004287.67,1125,2.05e+09
"PADRON",2029,15,1004287.67,1126,2.05e+09
"PADRON",2029,15,1004287.67,1127,2.05e+09
"PADRON",2029,15,1004287.67,1128,2.05e+09
"PADRON",2029,15,1004287.67,1129,2.05e+09
"PADRON",2029,15,1004287.67,1130,2.05e+09
"PADRON",2029,15,1004287.67,1131,2.05e+09
"PADRON",2029,15,1004287.67,1132,2.05e+09
"PADRON",2029,15,1004287.67,1133,2.05e+09
"PADRON",2029,15,1004287.67,1134,2.05e+09
"PADRON",2029,15,1004287.67,1135,2.05e+09
"PADRON",2029,15,1004287.67,1136,2.05e+09
"PADRON",2029,15,1004287.67,1137,2.05e+09
"PADRON",2029,15,1004287.67,1138,2.05e+09
"PADRON",2029,15,1004287.67,1139,2.05e+09
"PADRON",2029,15,1004287.67,1140,2.05e+09
"PADRON",2029,15,1004287.67,1141,2.05e+09
"PADRON",2029,15,1004287.67,1142,2.05e+09
"PADRON",2029,15,1004287.67,1143,2.05e+09
"PADRON",2029,15,1004287.67,1144,2.05e+09
"PADRON",2029,15,1004287.67,1145,2.05e+09
"PADRON",2029,15,1004287.67,1146,2.05e+09
"PADRON",2029,15,1004287.67,1147,2.05e+09
"PADRON",2029,15,1004287.67,1148,2.05e+09
"PADRON",2029,15,1004287.67,1149,2.05e+09
"PADRON",2029,15,1004287.67,1150,2.05e+09
"PADRON",2029,15,1004287.67,1151,2.05e+09
"PADRON",2029,15,1004287.67,1152,2.05e+09
"PADRON",2029,15,1004287.67,1153,2.05e+09
"PADRON",2029,15,1004287.67,1154,2.05e+09
"PADRON",2029,15,1004287.67,1155,2.05e+09
"PADRON",2029,15,1004287.67,1156,2.05e+09
"PADRON",2029,15,1004287.67,1157,2.05e+09
"PADRON",2029,15,1004287.67,1158,2.05e+09
"PADRON",2029,15,1004287.67,1159,2.05e+09
"PADRON",2029,15,1004287.67,1160,2.05e+09
"PADRON",2029,15,1004287.67,1161,2.05e+09
"PADRON",2029,15,1004287.67,1162,2.05e+09
"PADRON",2029,15,1004287.67,1163,2.05e+09
"PADRON",2029,15,1004287.67,1164,2.05e+09
"PADRON",2029,15,1004287.67,1165,2.05e+09
"PADRON",2029,15,1004287.67,1166,2.05e+09
"PADRON",2029,15,1004287.67,1167,2.05e+09
"PADRON",2029,15,1004287.67,1168,2.05e+09
"PADRON",2029,15,1004287.67,1169,2.05e+09
"PADRON",2029,15,1004287.67,1170,2.05e+09
"PADRON",2029,15,1004287.67,1171,2.05e+09
"PADRON",2029,15,1004287.67,1172,2.05e+09
"PADRON",2029,15,1004287.67,1173,2.05e+09
"PADRON",2029,15,1004287.67,1174,2.05e+09
"PADRON",2029,15,1004287.67,1175,2.05e+09
"PADRON",2029,15,1004287.67,1176,2.05e+09
"PADRON",2029,15,1004287.67,1177,2.05e+09
"PADRON",2029,15,1004287.67,1178,2.05e+09
"PADRON",2029,15,1004287.67,1179,2.05e+09
"PADRON",2029,15,1004287.67,1180,2.05e+09
"PADRON",2029,15,1004287.67,1181,2.05e+09
"PADRON",2029,15,1004287.67,1182,2.05e+09
"PADRON",2029,15,1004287.67,1183,2.05e+09
"PADRON",2029,15,1004287.67,1184,2.05e+09
"PADRON",2029,15,1004287.67,1185,2.05e+09
"PADRON",2029,14,1004287.67,1186,2.05e+09
"PADRON",2029,14,1004287.67,1187,2.05e+09
"PADRON",2029,14,1004287.67,1188,2.05e+09
"PADRON",2029,14,1004287.67,1189,2.05e+09
"PADRON",2029,14,1004287.67,1190,2.05e+09
"PADRON",2029,14,1004287.67,1191,2.05e+09
"PADRON",2029,14,1004287.67,1192,2.05e+09
"PADRON",2029,14,1004287.67,1193,2.05e+09
"PADRON",2029,14,1004287.67,1194,2.05e+09
"PADRON",2029,14,1004287.67,1195,2.05e+09
"PADRON",2029,14,1004287.67,1196,2.05e+09
"PADRON",2029,14,1004287.67,1197,2.05e+09
"PADRON",2029,14,1004287.67,1198,2.05e+09
"PADRON",2029,14,1004287.67,1199,2.05e+09
"PADRON",2029,14,1004287.67,1200,2.05e+09
"PADRON",2029,14,1004287.67,1201,2.05e+09
"PADRON",2029,14,1004287.67,1202,2.05e+09
"PADRON",2029,14,1004287.67,1203,2.05e+09
"PADRON",2029,14,1004287.67,1204,2.05e+09
"PADRON",2029,14,1004287.67,1205,2.05e+09
"PADRON",2029,14,1004287.67,1206,2.05e+09
"PADRON",2029,14,1004287.67,1207,2.05e+09
"PADRON",2029,14,1004287.67,1208,2.05e+09
"PADRON",2029,14,1004287.67,1209,2.05e+09
"PADRON",2029,14,1004287.67,1210,2.05e+09
"PADRON",2029,14,1004287.67,1211,2.05e+09
"PADRON",2029,14,1004287.67,1212,2.05e+09
"PADRON",2029,14,1004287.67,1213,2.05e+09
"PADRON",2029,14,1004287.67,1214,2.05e+09
"PADRON",2029,14,1004287.67,1215,2.05e+09
"PADRON",2029,14,1004287.67,1216,2.05e+09
"PADRON",2029,14,1004287.67,1217,2.05e+09
"PADRON",2029,14,1004287.67,1218,2.05e+09
"PADRON",2029,14,1004287.67,1219,2.05e+09
"PADRON",2029,14,1004287.67,1220,2.05e+09
"PADRON",2029,14,1004287.67,1221,2.05e+09
"PADRON",2029,14,1004287.67,1222,2.05e+09
"PADRON",2029,14,1004287.67,1223,2.05e+09
"PADRON",2029,14,1004287.67,1224,2.05e+09
"PADRON",2029,14,1004287.67,1225,2.05e+09
"PADRON",2029,14,1004287.67,1226,2.05e+09
"PADRON",2029,14,1004287.67,1227,2.05e+09
"PADRON",2029,14,1004287.67,1228,2.05e+09
"PADRON",2029,14,1004287.67,1229,2.05e+09
"PADRON",2029,14,1004287.67,1230,2.05e+09
"PADRON",2029,14,1004287.67,1231,2.05e+09
"PADRON",2029,14,1004287.67,1232,2.05e+09
"PADRON",2029,14,1004287.67,1233,2.05e+09
"PADRON",2029,14,1004287.67,1234,2.05e+09
"PADRON",2029,14,1004287.67,1235,2.05e+09
"PADRON",2029,14,1004287.67,1236,2.05e+09
"PADRON",2029,14,1004287.67,1237,2.05e+09
"PADRON",2029,14,1004287.67,1238,2.05e+09
"PADRON",2029,14,1004287.67,1239,2.05e+09
"PADRON",2029,14,1004287.67,1240,2.05e+09
"PADRON",2029,14,1004287.67,1241,2.05e+09
"PADRON",2029,14,1004287.67,1242,2.05e+09
"PADRON",2029,14,1004287.67,1243,2.05e+09
"PADRON",2029,14,1004287.67,1244,2.05e+09
"PADRON",2029,14,1004287.67,1245,2.05e+09
"PADRON",2029,14,1004287.67,1246,2.05e+09
"PADRON",2029,14,1004287.67,1247,2.05e+09
"PADRON",2029,14,1004287.67,1248,2.05e+09
"PADRON",2029,14,1004287.67,1249,2.05e+09
"PADRON",2029,14,1004287.67,1250,2.05e+09
"PADRON",2029,14,1004287.67,1251,2.05e+09
"PADRON",2029,14,1004287.67,1252,2.05e+09
"PADRON",2029,14,1004287.67,1253,2.05e+09
"PADRON",2029,14,1004287.67,1254,2.05e+09
"PADRON",2029,14,1004287.67,1255,2.05e+09
"PADRON",2029,14,1004287.67,1256,2.05e+09
"PADRON",2029,14,1004287.67,1257,2.05e+09
"PADRON",2029,14,1004287.67,1258,2.05e+09
"PADRON",2029,14,1004287.67,1259,2.05e+09
"PADRON",2029,14,1004287.67,1260,2.05e+09
"PADRON",2029,14,1004287.67,1261,2.05e+09
"PADRON",2029,14,1004287.67,1262,2.05e+09
"PADRON",2029,14,1004287.67,1263,2.05e+09
"PADRON",2029,14,1004287.67,1264,2.05e+09
"PADRON",2029,14,1004287.67,1265,2.05e+09
"PADRON",2029,14,1004287.67,1266,2.05e+09
"PADRON",2029,14,1004287.67,1267,2.05e+09
"PADRON",2029,14,1004287.67,1268,2.05e+09
"PADRON",2029,14,1004287.67,1269,2.05e+09
"PADRON",2029,14,1004287.67,1270,2.05e+09
"PADRON",2029,14,1004287.67,1271,2.05e+09
"PADRON",2029,14,1004287.67,1272,2.05e+09
"PADRON",2029,14,1004287.67,1273,2.05e+09
"PADRON",2029,14,1004287.67,1274,2.05e+09
"PADRON",2029,14,1004287.67,1275,2.05e+09
"PADRON",2029,14,1004287.67,1276,2.05e+09
"PADRON",2029,14,1004287.67,1277,2.05e+09
"PADRON",2029,14,1004287.67,1278,2.05e+09
"PADRON",2029,14,1004287.67,1279,2.05e+09
"PADRON",2029,14,1004287.67,1280,2.05e+09
"PADRON",2029,14,1004287.67,1281,2.05e+09
"PADRON",2029,14,1004287.67,1282,2.05e+09
"PADRON",2029,14,1004287.67,1283,2.05e+09
"PADRON",2029,14,1004287.67,1284,2.05e+09
"PADRON",2029,14,1004287.67,1285,2.05e+09
"PADRON",2029,14,1004287.67,1286,2.05e+09
"PADRON",2029,14,1004287.67,1287,2.05e+09
"PADRON",2029,14,1004287.67,1288,2.05e+09
"PADRON",2029,14,1004287.67,1289,2.05e+09
"PADRON",2029,14,1004287.67,1290,2.05e+09
"PADRON",2029,14,1004287.67,1291,2.05e+09
"PADRON",2029,14,1004287.67,1292,2.05e+09
"PADRON",2029,14,1004287.67,1293,2.05e+09
"PADRON",2029,14,1004287.67,1294,2.05e+09
"PADRON",2029,14,1004287.67,1295,2.05e+09
"PADRON",2029,14,1004287.67,1296,2.05e+09
"PADRON",2029,14,1004287.67,1297,2.05e+09
"PADRON",2029,14,1004287.67,1298,2.05e+09
"PADRON",2029,14,1004287.67,1299,2.05e+09
"PADRON",2029,14,1004287.67,1300,2.05e+09
"PADRON",2029,14,1004287.67,1301,2.05e+09
"PADRON",2029,14,1004287.67,1302,2.05e+09
"PADRON",2029,14,1004287.67,1303,2.05e+09
"PADRON",2029,14,1004287.67,1304,2.05e+09
"PADRON",2029,14,1004287.67,1305,2.05e+09
"PADRON",2029,14,1004287.67,1306,2.05e+09
"PADRON",2029,14,1004287.67,1307,2.05e+09
"PADRON",2029,14,1004287.67,1308,2.05e+09
"PADRON",2029,14,1004287.67,1309,2.05e+09
"PADRON",2029,14,1004287.67,1310,2.05e+09
"PADRON",2029,14,1004287.67,1311,2.05e+09
"PADRON",2029,14,1004287.67,1312,2.05e+09
"PADRON",2029,14,1004287.67,1313,2.05e+09
"PADRON",2029,14,1004287.67,1314,2.05e+09
"PADRON",2029,14,1004287.67,1315,2.05e+09
"PADRON",2029,14,1004287.67,1316,2.05e+09
"PADRON",2029,14,1004287.67,1317,2.05e+09
"PADRON",2029,14,1004287.67,1318,2.05e+09
"PADRON",2029,14,1004287.67,1319,2.05e+09
"PADRON",2029,14,1004287.67,1320,2.05e+09
"PADRON",2029,14,1004287.67,1321,2.05e+09
"PADRON",2029,14,1004287.67,1322,2.05e+09
"PADRON",2029,14,1004287.67,1323,2.05e+09
"PADRON",2029,14,1004287.67,1324,2.05e+09
"PADRON",2029,14,1004287.67,1325,2.05e+09
"PADRON",2029,14,1004287.67,1326,2.05e+09
"PADRON",2029,14,1004287.67,1327,2.05e+09
"PADRON",2029,14,1004287.67,1328,2.05e+09
"PADRON",2029,14,1004287.67,1329,2.05e+09
"PADRON",2029,14,1004287.67,1330,2.05e+09
"PADRON",2029,14,1004287.67,1331,2.05e+09
"PADRON",2029,14,1004287.67,1332,2.05e+09
"PADRON",2029,14,1004287.67,1333,2.05e+09
"PADRON",2029,14,1004287.67,1334,2.05e+09
"PADRON",2029,14,1004287.67,1335,2.05e+09
"PADRON",2029,14,1004287.67,1336,2.05e+09
"PADRON",2029,14,1004287.67,1337,2.05e+09
"PADRON",2029,14,1004287.67,1338,2.05e+09
"PADRON",2029,14,1004287.67,1339,2.05e+09
"PADRON",2029,14,1004287.67,1340,2.05e+09
"PADRON",2029,14,1004287.67,1341,2.05e+09
"PADRON",2029,14,1004287.67,1342,2.05e+09
"PADRON",2029,14,1004287.67,1343,2.05e+09
"PADRON",2029,14,1004287.67,1344,2.05e+09
"PADRON",2029,14,1004287.67,1345,2.05e+09
"PADRON",2029,14,1004287.67,1346,2.05e+09
"PADRON",2029,14,1004287.67,1347,2.05e+09
"PADRON",2029,14,1004287.67,1348,2.05e+09
"PADRON",2029,14,1004287.67,1349,2.05e+09
"PADRON",2029,14,1004287.67,1350,2.05e+09
"PADRON",2029,14,1004287.67,1351,2.05e+09
"PADRON",2029,14,1004287.67,1352,2.05e+09
"PADRON",2029,14,1004287.67,1353,2.05e+09
"PADRON",2029,14,1004287.67,1354,2.05e+09
"PADRON",2029,14,1004287.67,1355,2.05e+09
"PADRON",2029,14,1004287.67,1356,2.05e+09
"PADRON",2029,14,1004287.67,1357,2.05e+09
"PADRON",2029,14,1004287.67,1358,2.05e+09
"PADRON",2029,14,1004287.67,1359,2.05e+09
"PADRON",2029,14,1004287.67,1360,2.05e+09
"PADRON",2029,14,1004287.67,1361,2.05e+09
"PADRON",2029,14,1004287.67,1362,2.05e+09
"PADRON",2029,14,1004287.67,1363,2.05e+09
"PADRON",2029,14,1004287.67,1364,2.05e+09
"PADRON",2029,14,1004287.67,1365,2.05e+09
"PADRON",2029,14,1004287.67,1366,2.05e+09
"PADRON",2029,14,1004287.67,1367,2.05e+09
"PADRON",2029,14,1004287.67,1368,2.05e+09
"PADRON",2029,14,1004287.67,1369,2.05e+09
"PADRON",2029,14,1004287.67,1370,2.05e+09
"PADRON",2029,14,1004287.67,1371,2.05e+09
"PADRON",2029,14,1004287.67,1372,2.05e+09
"PADRON",2029,14,1004287.67,1373,2.05e+09
"PADRON",2029,14,1004287.67,1374,2.05e+09
"PADRON",2029,14,1004287.67,1375,2.05e+09
"PADRON",2029,14,1004287.67,1376,2.05e+09
"PADRON",2029,14,1004287.67,1377,2.05e+09
"PADRON",2029,14,1004287.67,1378,2.05e+09
"PADRON",2029,14,1004287.67,1379,2.05e+09
"PADRON",2029,14,1004287.67,1380,2.05e+09
"PADRON",2029,14,1004287.67,1381,2.05e+09
"PADRON",2029,14,1004287.67,1382,2.05e+09
"PADRON",2029,14,1004287.67,1383,2.05e+09
